date, pm25, pm10, o3, no2, so2
2024/11/1, 8, 2, 28, , 
2024/11/2, 5, 2, 28, , 
2024/11/3, 6, 2, 28, , 
2024/11/4, 5, 3, 20, , 
2024/11/5, 8, 4, 15, , 
2024/11/6, 9, 2, 19, , 
2024/11/7, 6, 3, 21, 1, 
2024/11/8, 7, 3, 19, , 
2024/11/9, 10, 1, 21, , 
2024/11/10, 2, 2, 19, , 
2024/11/11, 6, 2, 23, , 
2024/11/12, 4, 3, 23, , 
2024/11/13, 7, 5, 30, , 
2024/11/14, 11, 8, 27, , 
2024/11/15, 17, 6, 30, , 
2024/11/16, 15, 7, 29, , 
2024/11/17, 18, 2, 27, , 
2024/11/18, 4, 1, 24, , 
2024/11/19, 2, , , , 
2024/10/1, 3, 3, 26, , 
2024/10/2, 5, 2, 25, , 
2024/10/3, 5, 1, 26, , 
2024/10/4, 3, 2, 28, , 
2024/10/5, 6, 3, 32, , 
2024/10/6, 9, 4, 29, , 
2024/10/7, 10, 4, 30, , 
2024/10/8, 12, 6, 22, , 
2024/10/9, 19, 6, 30, , 
2024/10/10, 21, 5, 26, , 
2024/10/11, 14, 3, 28, , 
2024/10/12, 7, 4, 28, , 
2024/10/13, 9, 3, 26, , 
2024/10/14, 9, 2, 26, , 
2024/10/15, 5, 2, 27, , 
2024/10/16, 5, 4, 27, , 
2024/10/17, 11, 8, 26, 1, 
2024/10/18, 25, 8, 26, 1, 
2024/10/19, 22, 12, 23, 1, 
2024/10/20, 38, 14, 27, 1, 
2024/10/21, 48, 10, 28, , 
2024/10/22, 30, 5, 28, , 
2024/10/23, 14, 7, 28, , 
2024/10/24, 20, 6, 27, , 
2024/10/25, 20, 9, 24, , 
2024/10/26, 31, 8, 29, , 
2024/10/27, 28, 5, 29, , 
2024/10/28, 14, 2, 27, , 
2024/10/29, 5, 2, 27, , 
2024/10/30, 6, 2, 25, , 
2024/10/31, 6, 3, 31, , 
2024/7/1, 18, 4, 27, , 
2024/7/2, 12, 3, 28, , 
2024/7/3, 9, 5, 31, , 
2024/7/4, 16, 6, 30, , 
2024/7/5, 15, 5, 36, , 
2024/7/6, 14, 8, 34, , 
2024/7/7, 21, 6, 37, , 
2024/7/8, 15, 4, 33, , 
2024/7/9, 12, 3, 32, 1, 
2024/7/10, 7, 9, 35, 1, 
2024/7/11, 25, 7, 31, 1, 
2024/7/12, 24, 5, 27, 1, 
2024/7/13, 19, 6, 34, , 
2024/7/14, 18, 6, 39, , 
2024/7/15, 17, 5, 35, 2, 
2024/7/16, 15, 9, 38, 1, 
2024/7/17, 27, 6, 32, , 
2024/7/18, 18, 4, 29, , 
2024/7/19, 10, 4, 24, , 
2024/7/20, 13, 8, 29, , 
2024/7/21, 30, 10, 40, 1, 
2024/7/22, 36, 10, 33, 1, 
2024/7/23, 37, 6, 32, , 
2024/7/24, 22, 6, 36, , 
2024/7/25, 18, 4, 33, , 
2024/7/26, 13, 4, 42, , 
2024/7/27, 14, 7, 34, , 
2024/7/28, 16, 5, 26, , 
2024/7/29, 12, 3, 24, , 
2024/7/30, 8, 4, 28, , 
2024/7/31, 12, 4, 24, , 
2024/8/1, 10, 4, 22, , 
2024/8/2, 10, 4, 19, , 
2024/8/3, 15, 6, 24, , 
2024/8/4, 21, 6, 27, , 
2024/8/5, 23, 6, 25, , 
2024/8/6, 24, 8, 33, , 
2024/8/7, 30, 6, 29, , 
2024/8/8, 21, 6, 33, , 
2024/8/9, 18, 6, 33, , 
2024/8/10, 15, 5, 27, , 
2024/8/11, 13, 2, 25, , 
2024/8/12, 4, 3, 23, , 
2024/8/13, 8, 2, 27, , 
2024/8/14, 5, 7, 36, , 
2024/8/15, 12, 12, 36, , 
2024/8/16, 26, 4, 30, , 
2024/8/17, 11, 5, 34, , 
2024/8/18, 14, 6, 34, , 
2024/8/19, 18, 6, 36, , 
2024/8/20, 19, 10, 31, , 
2024/8/21, 29, 7, 34, , 
2024/8/22, 23, 7, 38, , 
2024/8/23, 23, 7, 34, , 
2024/8/24, 20, 9, 40, , 
2024/8/25, 27, 9, 32, , 1
2024/8/26, 27, 12, 32, , 1
2024/8/27, 45, 9, 39, , 
2024/8/28, 33, 9, 36, , 
2024/8/29, 31, 18, 40, 1, 
2024/8/30, 53, 5, 35, , 
2024/8/31, 17, 4, 26, , 
2024/9/1, 13, 3, 27, , 
2024/9/2, 9, 2, 30, , 
2024/9/3, 6, 7, 26, 2, 
2024/9/4, 22, 18, 39, 2, 
2024/9/5, 49, 14, 35, 1, 
2024/9/6, 39, 15, 32, 1, 
2024/9/7, 33, 25, 38, 1, 
2024/9/8, 57, 34, 45, 1, 
2024/9/9, 80, 19, 40, , 
2024/9/10, 48, 6, 32, , 
2024/9/11, 16, 3, 31, , 
2024/9/12, 8, 2, 32, , 
2024/9/13, 5, 3, 26, , 
2024/9/14, 9, 2, 28, , 
2024/9/15, 5, 7, 25, , 
2024/9/16, 18, 6, 27, , 
2024/9/17, 21, 2, 21, , 
2024/9/18, 7, 3, 24, , 
2024/9/19, 8, 4, 25, , 
2024/9/20, 13, 3, 32, , 
2024/9/21, 11, 2, 32, , 
2024/9/22, 3, 4, 29, , 
2024/9/23, 10, 16, 38, 1, 
2024/9/24, 46, 12, 39, , 
2024/9/25, 35, 5, 34, , 
2024/9/26, 15, 5, 29, , 
2024/9/27, 14, 2, 28, , 
2024/9/28, 4, 2, 26, , 
2024/9/29, 3, 1, 28, , 
2024/9/30, 2, 1, 29, , 
2024/4/1, 34, 4, 27, , 1
2024/4/2, 14, 4, 29, , 1
2024/4/3, 11, 2, 32, , 1
2024/4/4, 6, 4, 28, , 1
2024/4/5, 12, 3, 32, , 1
2024/4/6, 10, 6, 34, , 1
2024/4/7, 21, 7, 41, , 1
2024/4/8, 22, 10, 34, 2, 1
2024/4/9, 25, 8, 37, , 1
2024/4/10, 27, 8, 33, , 1
2024/4/11, 25, 8, 32, 1, 1
2024/4/12, 26, 6, 29, 1, 1
2024/4/13, 10, 5, 34, , 1
2024/4/14, 15, 3, 34, , 1
2024/4/15, 9, 3, 31, , 1
2024/4/16, 8, 3, 27, , 1
2024/4/17, 11, 3, 31, , 1
2024/4/18, 10, 5, 33, , 1
2024/4/19, 13, 4, 32, , 1
2024/4/20, 11, 4, 30, , 1
2024/4/21, 12, 5, 31, , 1
2024/4/22, 17, 5, 34, , 1
2024/4/23, 18, 6, 35, 1, 1
2024/4/24, 20, 5, 30, 1, 1
2024/4/25, 17, 3, 29, 1, 1
2024/4/26, 9, 4, 36, 1, 1
2024/4/27, 16, 4, 36, 1, 1
2024/4/28, 16, 12, 41, 2, 1
2024/4/29, 42, 8, 37, 1, 1
2024/4/30, 20, 3, 34, 1, 1
2024/5/1, 10, 4, 36, 1, 1
2024/5/2, 7, 5, 32, 3, 1
2024/5/3, 11, 5, 38, 2, 1
2024/5/4, 13, 3, 35, , 1
2024/5/5, 8, 4, 36, , 1
2024/5/6, 12, 4, 36, , 1
2024/5/7, 10, 4, 31, , 1
2024/5/8, 14, 5, 34, , 1
2024/5/9, 17, 5, 33, , 1
2024/5/10, 14, 3, 34, , 1
2024/5/11, 8, 3, 34, , 1
2024/5/12, 8, 5, 28, 3, 1
2024/5/13, 12, 4, 37, 3, 1
2024/5/14, 13, 4, 39, 2, 1
2024/5/15, 9, 10, 44, 1, 1
2024/5/16, 24, 14, 46, 1, 
2024/5/17, 27, 13, 40, 2, 
2024/5/18, 23, 9, 43, 2, 
2024/5/19, 21, 5, 36, , 
2024/5/20, 10, 6, 35, , 
2024/5/21, 7, 9, 35, 1, 
2024/5/22, 11, 10, 39, 2, 
2024/5/23, 21, 15, 40, 2, 
2024/5/24, 35, 27, 41, 2, 
2024/5/25, 57, 15, 58, 2, 
2024/5/26, 41, 23, 48, 4, 
2024/5/27, 67, 19, 48, 3, 
2024/5/28, 53, 15, 47, 2, 
2024/5/29, 45, 15, 43, 1, 
2024/5/30, 48, 15, 49, 1, 
2024/5/31, 45, 19, 54, 1, 
2024/6/1, 53, 14, 42, , 
2024/6/2, 44, 6, 39, , 
2024/6/3, 23, 9, 38, 1, 
2024/6/4, 27, 6, 37, , 
2024/6/5, 17, 11, 35, , 
2024/6/6, 23, 6, 35, , 
2024/6/7, 17, 5, 36, , 
2024/6/8, 16, 6, 39, , 
2024/6/9, 19, 7, 34, , 
2024/6/10, 18, 6, 26, , 
2024/6/11, 18, 5, 31, 1, 
2024/6/12, 16, 5, 36, , 
2024/6/13, 16, 4, 32, , 
2024/6/14, 11, 3, 38, , 
2024/6/15, 10, 6, 29, 1, 
2024/6/16, 19, 8, 42, 1, 
2024/6/17, 28, 4, 37, , 
2024/6/18, 13, 5, 33, , 
2024/6/19, 15, 5, 33, , 
2024/6/20, 11, 5, 29, , 
2024/6/21, 11, 2, 30, , 
2024/6/22, 5, 4, 30, , 
2024/6/23, 8, 4, 29, , 
2024/6/24, 11, 4, 33, , 
2024/6/25, 10, 5, 38, , 
2024/6/26, 13, 5, 38, , 
2024/6/27, 14, 14, 48, 2, 
2024/6/28, 39, 9, 43, , 89
2024/6/29, 26, 5, 33, , 165
2024/6/30, 15, 6, 33, , 
2024/1/1, 12, 3, 29, , 1
2024/1/2, 7, 4, 31, , 1
2024/1/3, 9, 4, 25, 1, 1
2024/1/4, 10, 3, 27, 2, 1
2024/1/5, 10, 3, 27, 1, 1
2024/1/6, 11, 2, 30, 1, 1
2024/1/7, 9, 2, 30, , 1
2024/1/8, 7, 2, 32, , 
2024/1/9, 4, 2, 32, , 
2024/1/10, 4, 2, 32, , 
2024/1/11, 4, 2, 31, , 
2024/1/12, 5, 4, 29, , 
2024/1/13, 13, 7, 25, 1, 
2024/1/14, 26, 3, 28, 1, 1
2024/1/15, 11, 2, 32, , 1
2024/1/16, 6, 5, 32, , 1
2024/1/17, 17, 7, 29, 1, 
2024/1/18, 23, 3, 28, , 
2024/1/19, 11, 3, 29, , 1
2024/1/20, 10, 7, 30, , 1
2024/1/21, 23, 9, 30, 1, 
2024/1/22, 31, 9, 32, , 
2024/1/23, 30, 5, 28, 1, 
2024/1/24, 15, 2, 27, , 
2024/1/25, 7, 3, 31, , 
2024/1/26, 9, 4, 27, , 
2024/1/27, 14, 6, 26, , 
2024/1/28, 21, 12, 24, 1, 
2024/1/29, 37, 11, 14, 3, 
2024/1/30, 40, 7, 30, 4, 
2024/1/31, 26, 7, 35, , 
2024/2/1, 20, 5, 32, , 
2024/2/2, 12, 4, 32, , 
2024/2/3, 12, 5, 34, , 
2024/2/4, 13, 3, 32, , 1
2024/2/5, 7, 2, 29, , 
2024/2/6, 6, 3, 28, , 
2024/2/7, 10, 4, 27, , 1
2024/2/8, 14, 6, 26, 3, 1
2024/2/9, 20, 4, 28, 2, 1
2024/2/10, 14, 6, 25, 4, 1
2024/2/11, 23, 7, 30, 3, 1
2024/2/12, 28, 6, 24, 2, 1
2024/2/13, 21, 3, 31, 1, 1
2024/2/14, 11, 7, 26, 1, 1
2024/2/15, 26, 8, 23, 2, 1
2024/2/16, 29, 6, 35, 1, 1
2024/2/17, 19, 2, 34, , 1
2024/2/18, 5, 5, 31, 1, 1
2024/2/19, 17, 8, 22, 1, 1
2024/2/20, 28, 2, 24, 1, 1
2024/2/21, 7, 2, 14, , 1
2024/2/22, 7, , , , 
2024/2/25, 45, 5, 22, 2, 1
2024/2/26, 19, 1, 25, , 
2024/2/27, 3, 2, 31, , 
2024/2/28, 6, 6, 32, 1, 1
2024/2/29, 22, 8, 28, 1, 1
2024/3/1, 27, 8, 20, 1, 1
2024/3/2, 29, 10, 19, 2, 1
2024/3/3, 36, 10, 23, 2, 1
2024/3/4, 39, 6, 33, , 1
2024/3/5, 21, 4, 30, 1, 1
2024/3/6, 11, 2, 31, , 1
2024/3/7, 6, 4, 25, , 
2024/3/8, 13, 3, 33, , 1
2024/3/9, 11, 2, 34, , 1
2024/3/10, 5, 4, 31, 1, 1
2024/3/11, 13, 6, 30, 1, 1
2024/3/12, 18, 15, 25, 2, 1
2024/3/13, 50, 17, 23, 1, 1
2024/3/14, 59, 19, 23, 3, 1
2024/3/15, 66, 32, 23, 3, 1
2024/3/16, 85, 10, 30, 1, 1
2024/3/17, 14, 2, 28, , 1
2024/3/18, 4, 5, 28, 1, 1
2024/3/19, 14, 4, 30, , 1
2024/3/20, 16, 15, 21, 2, 1
2024/3/21, 44, 6, 27, 1, 1
2024/3/22, 15, 8, 30, 1, 1
2024/3/23, 25, 6, 29, , 1
2024/3/24, 12, 4, 29, , 1
2024/3/25, 14, 4, 27, , 1
2024/3/26, 16, 9, 25, 2, 1
2024/3/27, 34, 8, 31, 2, 1
2024/3/28, 25, 11, 31, 2, 1
2024/3/29, 38, 4, 32, 1, 1
2024/3/30, 14, 5, 26, 3, 1
2024/3/31, 18, 9, 27, 2, 1
2023/10/1, 8, 3, 26, , 
2023/10/2, 9, 6, 32, , 
2023/10/3, 17, 4, 29, , 
2023/10/4, 10, 2, 27, , 
2023/10/5, 4, 2, 28, , 
2023/10/6, 7, 5, 27, , 
2023/10/7, 11, 3, 27, , 
2023/10/8, 7, 1, 28, , 
2023/10/9, 3, 2, 29, , 
2023/10/10, 5, 10, 33, , 
2023/10/11, 30, 7, 34, , 
2023/10/12, 16, 5, 30, , 
2023/10/13, 13, 7, 31, , 
2023/10/14, 19, 5, 28, , 
2023/10/15, 12, 3, 28, , 
2023/10/16, 6, 2, 25, , 
2023/10/17, 4, 2, 27, , 
2023/10/18, 7, 2, 26, , 
2023/10/19, 7, 3, 26, , 
2023/10/20, 9, 3, 25, , 
2023/10/21, 10, 2, 18, , 
2023/10/22, 4, 2, 16, , 
2023/10/23, 6, 3, 21, , 
2023/10/24, 11, 4, 26, , 
2023/10/25, 12, 4, 23, , 
2023/10/26, 11, 5, 16, 1, 
2023/10/27, 18, 4, 23, , 
2023/10/28, 14, 4, 26, , 
2023/10/29, 10, 2, 25, , 
2023/10/30, 7, 5, 21, 1, 
2023/10/31, 15, 1, 24, , 
2023/11/1, 2, 1, 27, , 
2023/11/2, 3, 7, 21, , 
2023/11/3, 22, 7, 23, , 
2023/11/4, 26, 9, 25, , 
2023/11/5, 28, 12, 17, 1, 
2023/11/6, 43, 4, 25, , 
2023/11/7, 15, 2, 23, , 
2023/11/8, 4, 4, 24, , 
2023/11/9, 11, 6, 24, , 
2023/11/10, 19, 4, 30, , 
2023/11/11, 11, 3, 14, , 
2023/11/12, 10, 1, 21, , 
2023/11/13, 4, 3, 21, , 
2023/11/14, 10, 3, 19, , 
2023/11/15, 9, 3, 31, , 
2023/11/16, 10, 2, 31, , 
2023/11/17, 7, 2, 29, , 
2023/11/18, 6, 1, 27, , 
2023/11/19, 4, 3, 28, , 
2023/11/20, 9, 3, 26, , 
2023/11/21, 11, 3, 28, , 
2023/11/22, 11, 4, 29, , 
2023/11/23, 9, 1, 31, , 
2023/11/24, 4, 2, 29, , 
2023/11/25, 8, 2, 21, , 1
2023/11/26, 8, 3, 24, , 
2023/11/27, 13, 3, 21, 1, 
2023/11/28, 10, 2, 22, , 
2023/11/29, 8, 4, 19, 1, 
2023/11/30, 14, 4, 18, 1, 
2023/12/1, 15, 4, 38, , 
2023/12/2, 17, 5, 13, , 
2023/12/3, 21, 2, 14, , 
2023/12/4, 9, 2, 13, , 
2023/12/5, 5, 2, 15, , 
2023/12/6, 4, 5, 23, 5, 
2023/12/7, 18, 6, 22, 2, 
2023/12/8, 25, 6, 16, 5, 
2023/12/9, 26, 9, 14, 3, 
2023/12/10, 35, 7, 14, 3, 
2023/12/11, 29, 8, 7, 7, 1
2023/12/12, 34, 6, 11, 4, 1
2023/12/13, 24, 5, 11, 2, 1
2023/12/14, 20, 5, 17, 2, 
2023/12/15, 20, 3, 25, , 
2023/12/16, 12, 4, 30, , 
2023/12/17, 12, 3, 23, 1, 
2023/12/18, 8, 3, 28, , 
2023/12/19, 10, 3, 29, , 
2023/12/20, 8, 2, 29, , 
2023/12/21, 8, 3, 24, , 
2023/12/22, 9, 3, 24, , 
2023/12/23, 9, 1, 26, , 
2023/12/24, 5, 3, 26, , 1
2023/12/25, 10, 3, 27, , 
2023/12/26, 10, 2, 33, , 
2023/12/27, 8, 3, 33, , 
2023/12/28, 8, 2, 27, , 
2023/12/29, 8, 1, 21, 1, 
2023/12/30, 5, 3, 22, , 
2023/12/31, 12, 3, 28, , 1
2023/7/1, 18, 4, 33, , 
2023/7/2, 13, 5, 30, , 
2023/7/3, 15, 7, 32, , 
2023/7/4, 20, 7, 29, , 
2023/7/5, 19, 6, 36, 1, 
2023/7/6, 20, 6, 29, , 
2023/7/7, 16, 6, 34, , 
2023/7/8, 18, 4, 20, , 
2023/7/9, 11, 4, 28, , 
2023/7/10, 10, 4, 34, 1, 
2023/7/11, 9, 4, 34, 1, 
2023/7/12, 12, 5, 31, , 
2023/7/13, 16, 5, 31, , 
2023/7/14, 16, 4, 33, , 
2023/7/15, 11, 6, 43, , 
2023/7/16, 20, 7, 33, , 
2023/7/17, 21, 5, 30, , 
2023/7/18, 13, 5, 29, , 
2023/7/19, 12, 3, 29, , 
2023/7/20, 9, 4, 27, , 
2023/7/21, 10, 4, 31, , 
2023/7/22, 10, 3, 30, , 
2023/7/23, 7, 3, 34, , 
2023/7/24, 7, 4, 32, , 
2023/7/25, 13, 4, 30, , 
2023/7/26, 12, 3, 33, , 
2023/7/27, 10, 3, 32, , 
2023/7/28, 7, 4, 35, , 
2023/7/29, 11, 5, 42, , 
2023/7/30, 15, 4, 37, , 
2023/7/31, 14, 4, 32, , 
2023/8/1, 11, 6, 37, , 
2023/8/2, 19, 7, 34, , 
2023/8/3, 18, 5, 34, , 
2023/8/4, 15, 6, 35, , 
2023/8/5, 17, 7, 43, , 
2023/8/6, 21, 17, 41, 1, 
2023/8/7, 51, 7, 43, , 
2023/8/8, 19, 6, 33, , 
2023/8/9, 16, 5, 31, , 
2023/8/10, 13, 6, 32, , 
2023/8/11, 15, 4, 34, , 
2023/8/12, 11, 5, 33, , 
2023/8/13, 14, 6, 34, 1, 
2023/8/14, 17, 6, 34, 1, 
2023/8/15, 18, 8, 32, , 
2023/8/16, 27, 5, 26, , 
2023/8/17, 14, 4, 23, , 
2023/8/18, 8, 4, 22, , 
2023/8/19, 12, 5, 28, , 
2023/8/20, 14, 5, 27, 1, 
2023/8/21, 18, 6, 21, , 
2023/8/22, 18, 4, 26, , 
2023/8/23, 13, 5, 27, , 
2023/8/24, 15, 4, 30, , 
2023/8/25, 14, 5, 34, , 
2023/8/26, 16, 6, 33, , 
2023/8/27, 19, 3, 34, , 
2023/8/28, 8, 3, 33, , 
2023/8/29, 9, 4, 32, 1, 
2023/8/30, 11, 3, 28, , 
2023/8/31, 9, 2, 36, , 
2023/9/1, 5, 4, 34, , 
2023/9/2, 10, 2, 28, , 
2023/9/3, 6, 4, 27, , 
2023/9/4, 13, 6, 30, , 
2023/9/5, 18, 3, 28, , 
2023/9/6, 7, 3, 30, , 
2023/9/7, 7, 6, 25, , 
2023/9/8, 17, 7, 22, 1, 
2023/9/9, 22, 12, 43, , 
2023/9/10, 41, 16, 43, 1, 
2023/9/11, 55, 14, 55, , 
2023/9/12, 48, 6, 26, , 
2023/9/13, 18, 2, 26, , 
2023/9/14, 3, 2, 31, , 
2023/9/15, 5, 4, 34, , 
2023/9/16, 10, 4, 34, , 
2023/9/17, 10, 2, 26, , 
2023/9/18, 4, 9, 32, , 
2023/9/19, 27, 5, 28, , 
2023/9/20, 14, 7, 34, 1, 
2023/9/21, 22, 12, 35, 1, 
2023/9/22, 33, 6, 32, , 
2023/9/23, 18, 4, 30, , 
2023/9/24, 11, 4, 33, , 
2023/9/25, 12, 6, 33, , 
2023/9/26, 18, 8, 30, 1, 
2023/9/27, 24, 10, 32, 1, 
2023/9/28, 38, 17, 38, 1, 
2023/9/29, 48, 9, 29, , 
2023/9/30, 27, 3, 28, , 
2023/4/1, 8, 3, 36, , 
2023/4/2, 9, 3, 33, , 
2023/4/3, 9, 4, 34, , 
2023/4/4, 9, 4, 33, 1, 
2023/4/5, 10, 4, 24, 2, 
2023/4/6, 16, 8, 27, 2, 
2023/4/7, 30, 5, 34, 1, 
2023/4/8, 17, 6, 35, 1, 
2023/4/9, 23, 6, 35, 1, 
2023/4/10, 26, 7, 33, 3, 
2023/4/11, 21, 10, 39, 3, 
2023/4/12, 32, 9, 36, 1, 
2023/4/13, 24, 7, 35, 1, 
2023/4/14, 19, 8, 35, 1, 
2023/4/15, 20, 10, 39, 2, 
2023/4/16, 24, 8, 39, 1, 
2023/4/17, 22, 5, 40, 1, 
2023/4/18, 15, 3, 39, , 
2023/4/19, 8, 3, 39, , 
2023/4/20, 6, 4, 34, 1, 
2023/4/21, 10, 4, 41, 1, 
2023/4/22, 12, 6, 46, 2, 
2023/4/23, 16, 5, 41, 1, 
2023/4/24, 16, 4, 35, 1, 
2023/4/25, 15, 3, 32, 2, 
2023/4/26, 13, 3, 33, , 
2023/4/27, 9, 3, 34, , 
2023/4/28, 7, 3, 44, 1, 
2023/4/29, 11, 4, 34, , 
2023/4/30, 11, 5, 35, 1, 
2023/5/1, 17, 5, 36, 15, 
2023/5/2, 17, 3, 32, 2, 
2023/5/3, 7, 2, 34, , 
2023/5/4, 5, 2, 35, , 
2023/5/5, 5, 2, 37, , 
2023/5/6, 6, 3, 38, 1, 
2023/5/7, 8, 6, 38, 1, 
2023/5/8, 13, 8, 42, 2, 
2023/5/9, 23, 12, 45, 2, 
2023/5/10, 38, 14, 43, 3, 
2023/5/11, 35, 13, 42, 5, 
2023/5/12, 34, 13, 49, 2, 
2023/5/13, 36, 13, 48, 4, 
2023/5/14, 37, 14, 46, 4, 
2023/5/15, 36, 15, 36, 1, 
2023/5/16, 36, 11, 34, 1, 
2023/5/17, 36, 3, 30, , 
2023/5/18, 7, 2, 32, 1, 
2023/5/19, 6, 2, 34, 2, 
2023/5/20, 4, 4, 39, 2, 
2023/5/21, 8, 7, 40, 1, 
2023/5/22, 13, 7, 43, 1, 
2023/5/23, 15, 11, 43, 4, 
2023/5/24, 29, 8, 43, 1, 
2023/5/25, 20, 4, 31, 1, 
2023/5/26, 9, 4, 33, , 
2023/5/27, 8, 7, 35, , 
2023/5/28, 21, 4, 29, , 
2023/5/29, 10, 4, 31, , 
2023/5/30, 10, 5, 33, , 
2023/5/31, 11, 5, 31, , 
2023/6/1, 8, 3, 27, , 
2023/6/2, 6, 2, 28, , 
2023/6/3, 6, 2, 27, , 
2023/6/4, 5, 3, 34, , 
2023/6/5, 7, 6, 37, 2, 
2023/6/6, 16, 2, 27, , 
2023/6/7, 3, 2, 31, 1, 
2023/6/8, 6, 2, 27, , 
2023/6/9, 5, 3, 32, , 
2023/6/10, 6, 4, 31, 1, 
2023/6/11, 8, 4, 28, 3, 
2023/6/12, 8, 5, 35, 2, 
2023/6/13, 11, 7, 43, 1, 
2023/6/14, 15, 11, 40, , 
2023/6/15, 32, 9, 39, , 
2023/6/16, 31, 14, 54, 1, 
2023/6/17, 35, 14, 40, , 
2023/6/18, 37, 10, 42, 1, 
2023/6/19, 26, 8, 47, 1, 
2023/6/20, 20, 9, 47, 3, 
2023/6/21, 25, 10, 39, , 
2023/6/22, 38, 5, 33, 1, 
2023/6/23, 14, 3, 34, , 
2023/6/24, 9, 3, 31, , 
2023/6/25, 11, 4, 43, , 
2023/6/26, 16, 7, 43, , 
2023/6/27, 27, 11, 41, 1, 
2023/6/28, 33, 13, 43, , 
2023/6/29, 33, 6, 39, , 
2023/6/30, 22, 6, 36, , 
2023/1/2, 8, 1, 33, , 
2023/1/3, 4, 2, 33, , 
2023/1/4, 4, 4, 30, , 
2023/1/5, 13, 2, 31, , 
2023/1/6, 7, 6, 27, , 
2023/1/7, 21, 10, 16, 1, 
2023/1/8, 37, 8, 14, 1, 
2023/1/9, 31, 8, 27, 1, 
2023/1/10, 30, 6, 27, 1, 
2023/1/11, 21, 6, 27, 1, 
2023/1/12, 21, 5, 29, 1, 
2023/1/13, 15, 5, 29, 1, 
2023/1/14, 17, 7, 31, , 
2023/1/15, 20, 7, 29, , 
2023/1/16, 20, 5, 25, , 
2023/1/17, 18, 6, 28, , 
2023/1/18, 20, 4, 26, , 
2023/1/19, 15, 3, 25, , 
2023/1/20, 8, 3, 23, , 
2023/1/21, 12, 2, 24, , 
2023/1/22, 8, 2, 27, , 
2023/1/23, 8, 5, 23, , 
2023/1/24, 17, 3, 22, 1, 
2023/1/25, 11, 3, 31, , 
2023/1/26, 9, 2, 27, , 
2023/1/27, 4, 4, 27, , 
2023/1/28, 10, 4, 28, , 
2023/1/29, 13, 5, 29, , 
2023/1/30, 13, 4, 30, , 
2023/1/31, 8, 4, 27, , 
2023/2/1, 8, 2, 28, , 
2023/2/2, 7, 2, 27, , 
2023/2/3, 6, 2, 27, , 
2023/2/4, 7, 3, 28, , 
2023/2/5, 8, 7, 31, , 
2023/2/6, 19, 5, 25, 1, 
2023/2/7, 15, 7, 23, 1, 
2023/2/8, 25, 14, 25, 1, 
2023/2/9, 49, 6, 32, 1, 
2023/2/10, 16, 3, 32, , 
2023/2/11, 7, 4, 31, , 
2023/2/12, 13, 4, 36, , 
2023/2/13, 10, 3, 33, 1, 
2023/2/14, 10, 4, 29, , 
2023/2/15, 15, 6, 26, , 
2023/2/16, 22, 12, 23, 1, 
2023/2/17, 45, 3, 33, 2, 
2023/2/18, 9, 4, 34, , 
2023/2/19, 10, 3, 34, , 
2023/2/20, 7, 8, 25, 1, 
2023/2/21, 30, 9, 28, 1, 
2023/2/22, 37, 5, 30, , 
2023/2/23, 18, 2, 29, , 
2023/2/24, 8, 2, 31, , 
2023/2/25, 9, 2, 32, , 
2023/2/26, 6, 2, 33, , 
2023/2/27, 4, 2, 33, , 
2023/2/28, 6, 3, 33, , 
2023/3/1, 7, 4, 34, , 
2023/3/2, 9, 4, 33, , 
2023/3/3, 11, 4, 31, , 
2023/3/4, 8, 2, 30, , 
2023/3/5, 5, 1, 32, , 
2023/3/6, 6, 2, 31, , 
2023/3/7, 7, 4, 32, , 
2023/3/8, 13, 2, 33, , 
2023/3/9, 5, 3, 33, , 
2023/3/10, 7, 3, 34, , 
2023/3/11, 8, 2, 34, , 
2023/3/12, 4, 3, 35, , 
2023/3/13, 9, 7, 32, 1, 
2023/3/14, 25, 3, 32, , 
2023/3/15, 7, 2, 34, , 
2023/3/16, 5, 3, 33, , 
2023/3/17, 10, 13, 33, 1, 
2023/3/18, 45, 8, 28, 1, 
2023/3/19, 31, 2, 23, 1, 
2023/3/20, 11, 1, 34, , 
2023/3/21, 3, 4, 30, , 
2023/3/22, 16, 7, 33, 1, 
2023/3/23, 24, 5, 31, 1, 
2023/3/24, 16, 4, 31, , 
2023/3/25, 11, 3, 29, , 
2023/3/26, 11, 2, 32, , 
2023/3/27, 7, 1, 32, , 
2023/3/28, 4, 2, 35, , 
2023/3/29, 5, 2, 36, , 
2023/3/30, 5, 3, 39, , 
2023/3/31, 9, 3, 39, , 
2022/10/1, 14, 8, 23, , 
2022/10/2, 29, 4, 26, , 
2022/10/3, 14, 6, 26, , 
2022/10/4, 25, 8, 21, , 
2022/10/5, 24, 10, 26, , 
2022/10/6, 28, 13, 26, , 
2022/10/7, 39, 9, 28, , 
2022/10/8, 27, 3, 23, , 
2022/10/9, 6, 7, 26, , 
2022/10/10, 19, 9, 22, , 
2022/10/11, 26, 2, 26, , 
2022/10/12, 4, 5, 27, , 
2022/10/13, 16, 13, 26, 1, 
2022/10/14, 46, 27, 23, 1, 
2022/10/15, 76, 20, 31, 1, 
2022/10/16, 61, 8, 28, , 
2022/10/17, 20, 4, 27, , 
2022/10/18, 9, , 28, , 
2022/11/24, 5, 4, 15, 1, 
2022/11/25, 18, 3, 15, 2, 
2022/11/26, 11, 3, 13, 2, 
2022/11/27, 11, 4, 11, 2, 
2022/11/28, 15, 4, 12, 3, 
2022/11/29, 17, 2, 13, 1, 
2022/11/30, 8, 5, 12, 1, 
2022/12/1, 18, 11, 13, 6, 
2022/12/2, 44, 7, 18, 2, 
2022/12/3, 28, 7, 21, 2, 
2022/12/4, 27, 4, 26, 1, 
2022/12/5, 14, 2, 28, , 
2022/12/6, 7, 2, 30, , 
2022/12/7, 6, 2, 29, 1, 
2022/12/8, 9, 1, 28, , 
2022/12/9, 3, 1, 23, , 
2022/12/10, 5, 2, 23, , 
2022/12/11, 8, 4, 25, , 
2022/12/12, 13, 3, 28, , 
2022/12/13, 8, 2, 26, , 
2022/12/14, 5, 1, 26, 1, 
2022/12/15, 4, 2, 27, , 
2022/12/16, 5, 2, 29, , 
2022/12/17, 4, 5, 28, 1, 
2022/12/18, 18, 7, 28, , 
2022/12/19, 22, 6, 22, 2, 
2022/12/20, 19, 4, 26, 1, 
2022/12/21, 15, 5, 26, , 
2022/12/22, 17, 3, 28, , 
2022/12/23, 11, 2, 31, , 
2022/12/24, 5, 2, 27, , 
2022/12/25, 4, , , , 
2022/12/28, 7, 4, 21, 1, 
2022/12/29, 12, 5, 28, , 
2022/12/30, 16, 7, 28, , 
2022/12/31, 23, 5, 33, , 
2023/1/1, 13, 3, 31, , 
2022/7/1, 31, 9, 43, 1, 
2022/7/2, 27, 4, 38, , 
2022/7/3, 9, 3, 35, , 
2022/7/4, 9, 3, 36, , 
2022/7/5, 8, 3, 27, , 
2022/7/6, 7, 2, 28, , 
2022/7/7, 5, 2, 25, , 
2022/7/8, 2, 1, 26, , 
2022/7/9, 3, 1, 21, , 
2022/7/10, 2, 1, 28, , 
2022/7/11, 4, 2, 23, , 
2022/7/12, 6, 3, 33, , 
2022/7/13, 7, 3, 32, , 
2022/7/14, 5, 1, 23, , 
2022/7/15, 2, 2, 22, , 
2022/7/16, 3, 1, 20, , 
2022/7/17, 2, 2, 25, , 
2022/7/18, 6, 3, 24, 1, 
2022/7/19, 8, 2, 33, , 
2022/7/20, 5, 6, 43, 1, 
2022/7/21, 19, 9, 52, 1, 
2022/7/22, 32, 5, 44, , 
2022/7/23, 15, 2, 26, , 
2022/7/24, 4, 3, 39, 1, 
2022/7/25, 10, 6, 33, , 
2022/7/26, 18, 3, 22, , 
2022/7/27, 7, 2, 24, , 
2022/7/28, 3, 1, 22, , 
2022/7/29, 2, 2, 25, , 
2022/7/30, 3, 2, 35, , 
2022/7/31, 4, 3, 29, 1, 
2022/8/1, 7, 3, 26, , 
2022/8/2, 5, 3, 41, , 
2022/8/3, 9, 7, 49, 1, 
2022/8/4, 18, 10, 45, 1, 
2022/8/5, 29, 4, 38, , 
2022/8/6, 11, 2, 27, , 
2022/8/7, 5, 3, 26, , 
2022/8/8, 7, 2, 29, , 
2022/8/9, 4, 3, 29, , 
2022/8/10, 8, 4, 30, , 
2022/8/11, 12, 5, 31, , 
2022/8/12, 12, 2, 31, , 
2022/8/13, 4, 7, 34, 1, 
2022/8/14, 24, 11, 34, 2, 
2022/8/15, 30, 19, 34, 1, 
2022/8/16, 48, 15, 42, 2, 
2022/8/17, 39, 15, 30, 4, 
2022/8/18, 40, 21, 33, 1, 
2022/8/19, 50, 18, 34, , 
2022/8/20, 45, 12, 26, , 
2022/8/21, 30, 4, 29, , 
2022/8/22, 11, 4, 29, , 
2022/8/23, 12, 4, 29, , 
2022/8/24, 11, 3, 28, , 
2022/8/25, 7, 4, 29, , 
2022/8/26, 11, 10, 25, 1, 
2022/8/27, 26, 11, 24, 1, 
2022/8/28, 29, 4, 22, , 
2022/8/29, 8, 3, 20, , 
2022/8/30, 5, 3, 24, , 
2022/8/31, 5, 3, 24, , 
2022/9/1, 5, 3, 23, , 
2022/9/2, 5, 2, 22, , 
2022/9/3, 4, 2, 23, , 
2022/9/4, 4, 3, 25, , 
2022/9/5, 7, 3, 23, , 
2022/9/6, 9, 2, 22, , 
2022/9/7, 4, 3, 28, , 
2022/9/8, 6, 4, 26, , 
2022/9/9, 7, 12, 25, , 
2022/9/10, 16, 12, 29, , 
2022/9/11, 18, 10, 33, 1, 
2022/9/12, 18, 6, 32, , 
2022/9/13, 14, 6, 29, , 
2022/9/14, 16, 4, 28, , 
2022/9/15, 7, 2, 27, , 
2022/9/16, 5, 2, 27, , 
2022/9/17, 6, 2, 23, , 
2022/9/18, 5, 3, 16, , 
2022/9/19, 7, 3, 20, , 
2022/9/20, 8, 3, 19, , 
2022/9/21, 8, 2, 25, , 
2022/9/22, 7, 3, 29, , 
2022/9/23, 7, 3, 27, , 
2022/9/24, 8, 4, 32, , 
2022/9/25, 10, 6, 33, , 
2022/9/26, 18, 10, 29, , 
2022/9/27, 34, 5, 25, , 
2022/9/28, 14, 2, 13, , 
2022/9/29, 7, 2, 24, , 
2022/9/30, 5, 4, 29, , 
2022/4/1, 8, , 32, , 
2022/4/2, 10, , 34, , 
2022/4/3, 6, , 33, , 
2022/4/4, 9, , 33, 1, 
2022/4/5, 9, , 34, , 
2022/4/6, 7, , 32, 1, 
2022/4/7, 10, , 34, , 
2022/4/8, 19, , 35, , 
2022/4/9, 9, , 33, , 
2022/4/10, 8, , 34, 1, 
2022/4/11, 9, , 32, 1, 
2022/4/12, 7, , 27, 3, 
2022/4/13, 4, , 34, 1, 
2022/4/14, 7, , 35, , 
2022/4/15, 9, , 34, , 
2022/4/16, 7, , 34, , 
2022/4/17, 7, , 35, 1, 
2022/4/18, 8, , 35, 1, 
2022/4/19, 10, , 34, , 
2022/4/20, 10, , 35, 1, 
2022/4/21, 9, , 34, 2, 
2022/4/22, 10, , 35, 1, 
2022/4/23, 14, , 34, , 
2022/4/24, 9, , 35, , 
2022/4/25, 10, , 37, , 
2022/4/26, 8, , 35, , 
2022/4/27, 6, , 33, , 
2022/4/28, 8, , 34, , 
2022/4/29, 5, , 37, , 
2022/4/30, 7, , 33, , 
2022/5/1, 9, , 37, , 
2022/5/2, 13, , 33, , 
2022/5/3, 9, , 35, , 
2022/5/4, 5, , 36, 1, 
2022/5/5, 18, , 31, 2, 
2022/5/6, 23, , 35, 1, 
2022/5/7, 20, , 34, , 
2022/5/8, 7, , 38, , 
2022/5/9, 9, , 44, 1, 
2022/5/10, 19, , 41, , 
2022/5/11, 26, , 31, 1, 
2022/5/12, 21, , 30, 1, 
2022/5/13, 10, , 33, 1, 
2022/5/14, 12, , 28, , 
2022/5/15, 4, , 27, , 
2022/5/16, 7, , 25, , 
2022/5/17, 6, , 34, , 
2022/5/18, 12, , 35, 1, 
2022/5/19, 18, , 30, 2, 
2022/5/20, 13, , 32, , 
2022/5/21, 13, , 37, , 
2022/5/22, 14, , 36, 1, 
2022/5/23, 17, , 35, 4, 
2022/5/24, 19, , 32, 3, 
2022/5/25, 21, , 32, 2, 
2022/5/26, 12, , 33, , 
2022/5/27, 7, , 32, , 
2022/5/28, 8, 2, 22, , 
2022/5/29, 7, 5, 28, , 
2022/5/30, 10, 5, 25, 1, 
2022/5/31, 16, 6, 35, 1, 
2022/6/1, 19, 6, 32, , 
2022/6/2, 19, 7, 27, 1, 
2022/6/3, 23, 5, 27, 1, 
2022/6/4, 17, 5, 29, , 
2022/6/5, 13, 3, 29, , 
2022/6/6, 7, 5, 30, 2, 
2022/6/7, 9, 7, 46, 2, 
2022/6/8, 21, 6, 37, 1, 
2022/6/9, 20, 4, 38, 1, 
2022/6/10, 13, 6, 37, 1, 
2022/6/11, 19, 12, 33, , 
2022/6/12, 25, 6, 30, , 
2022/6/13, 18, 6, 27, 1, 
2022/6/14, 12, 3, 26, , 
2022/6/15, 6, 3, 25, , 
2022/6/16, 7, 4, 26, , 
2022/6/17, 8, 8, 41, , 
2022/6/18, 27, 5, 29, , 
2022/6/19, 13, 3, 24, , 
2022/6/20, 9, 4, 27, , 
2022/6/21, 12, 4, 30, 1, 
2022/6/22, 13, 6, 30, , 
2022/6/23, 21, 6, 32, 1, 
2022/6/24, 21, 5, 32, 2, 
2022/6/25, 16, 12, 49, 3, 
2022/6/26, 37, 18, 36, 1, 
2022/6/27, 54, 16, 49, 3, 
2022/6/28, 52, 16, 41, 2, 
2022/6/29, 50, 11, 45, 2, 
2022/6/30, 30, 10, 37, 1, 
2022/1/3, 10, , 29, , 
2022/1/4, 16, , 28, , 
2022/1/5, 11, , 31, , 
2022/1/6, 7, , 31, , 
2022/1/7, 6, , 26, , 
2022/1/8, 15, , 18, 1, 
2022/1/9, 44, , 25, , 
2022/1/10, 27, , 27, , 
2022/1/11, 11, , 27, , 
2022/1/12, 29, , 30, , 5
2022/1/13, 17, , 33, , 6
2022/1/14, 12, , 32, , 6
2022/1/15, 13, , 27, , 12
2022/1/16, 15, , 32, , 9
2022/1/17, 11, , 29, , 10
2022/1/18, 10, , 25, 1, 14
2022/1/29, 14, , 27, , 
2022/1/30, 13, , 27, , 
2022/1/31, 14, , 23, , 
2022/2/1, 18, , 21, , 
2022/2/2, 23, , 27, , 
2022/2/3, 9, , 28, , 
2022/2/4, 22, , 32, , 
2022/2/5, 18, , 32, , 
2022/2/6, 21, , 29, , 
2022/2/7, 13, , 27, , 
2022/2/8, 8, , 30, , 
2022/2/9, 22, , 31, , 
2022/2/10, 22, , 32, , 
2022/2/11, 10, , 31, , 
2022/2/12, 19, , 28, 1, 
2022/2/13, 32, , 26, 1, 
2022/2/14, 44, , 28, 2, 
2022/2/15, 55, , 30, 1, 
2022/2/16, 29, , 30, 1, 
2022/2/17, 10, , 26, , 
2022/2/18, 8, , 29, , 
2022/2/19, 13, , 30, , 
2022/2/20, 9, , 29, , 
2022/2/21, 9, , 31, , 
2022/2/22, 11, , 31, , 
2022/2/23, 8, , 30, 1, 
2022/2/24, 35, , 31, 1, 
2022/2/25, 30, , 31, , 
2022/2/26, 10, , 30, , 
2022/2/27, 16, , 30, , 
2022/2/28, 17, , 30, 1, 
2022/3/1, 31, , 24, 2, 
2022/3/2, 52, , 32, , 
2022/3/3, 8, , 32, , 
2022/3/4, 6, , 32, , 
2022/3/5, 8, , 34, , 
2022/3/6, 8, , 32, , 
2022/3/7, 6, , 32, 1, 
2022/3/8, 10, , 32, 1, 
2022/3/9, 12, , 34, , 
2022/3/10, 16, , 33, , 
2022/3/11, 35, , 30, 2, 
2022/3/12, 36, , 30, 2, 
2022/3/13, 41, , 31, 3, 
2022/3/14, 45, , 34, 3, 
2022/3/15, 69, , 31, 4, 
2022/3/16, 31, , 36, 2, 
2022/3/17, 30, , 29, 2, 
2022/3/18, 53, , 29, 1, 
2022/3/19, 14, , 32, 2, 
2022/3/20, 11, , 40, 1, 
2022/3/21, 54, , 42, 3, 
2022/3/22, 70, , 37, 2, 
2022/3/23, 53, , 32, 3, 
2022/3/24, 37, , 35, 3, 
2022/3/25, 44, , 34, 1, 
2022/3/26, 13, , 31, , 
2022/3/27, 8, , 36, 1, 
2022/3/28, 12, , 33, , 
2022/3/29, 6, , 34, , 
2022/3/30, 6, , 34, , 
2022/3/31, 6, , 30, , 
2021/10/1, 34, , 32, , 
2021/10/2, 36, , 29, , 
2021/10/3, 51, , 29, 1, 
2021/10/4, 51, , 32, , 
2021/10/5, 28, , 28, 1, 
2021/10/6, 55, , 24, , 
2021/10/7, 46, , 29, , 
2021/10/8, 27, , 26, , 
2021/10/9, 34, , 30, , 
2021/10/10, 38, , 34, , 
2021/10/11, 39, , 27, , 
2021/10/12, 4, , 28, , 
2021/10/13, 3, , 31, , 
2021/10/14, 6, , 31, , 
2021/10/15, 11, , 29, , 
2021/10/16, 7, , 30, , 
2021/10/17, 6, , 27, , 
2021/10/18, 6, , 29, , 
2021/10/19, 4, , 22, , 
2021/10/20, 18, , 33, , 
2021/10/21, 23, , 26, , 
2021/10/22, 8, , 28, , 
2021/10/23, 5, , 29, , 
2021/10/24, 9, , 30, , 
2021/10/25, 25, , 24, , 
2021/10/26, 30, , 25, , 
2021/10/27, 16, , 26, , 
2021/10/28, 13, , 26, 1, 
2021/10/29, 61, , 25, 1, 
2021/10/30, 87, , 25, 1, 
2021/10/31, 85, , 22, 1, 
2021/11/1, 67, , 24, 1, 
2021/11/2, 74, , 20, 1, 
2021/11/3, 39, , 23, 1, 
2021/11/4, 13, , 25, , 
2021/11/5, 11, , 24, , 
2021/11/6, 7, , 29, , 
2021/11/7, 5, , 25, , 
2021/11/8, 6, , 28, , 
2021/11/9, 8, , 25, 1, 
2021/11/10, 15, , 25, , 
2021/11/11, 15, , 28, , 
2021/11/12, 5, , 26, , 
2021/11/13, 4, , 25, , 
2021/11/14, 4, , 27, , 
2021/11/15, 5, , 26, , 
2021/11/16, 11, , , , 
2021/11/28, 5, , 23, , 
2021/11/29, 6, , 28, , 
2021/11/30, 5, , 28, , 
2021/12/1, 3, , 27, , 
2021/12/2, 6, , 25, , 
2021/12/3, 10, , 22, , 
2021/12/4, 9, , 24, , 
2021/12/5, 8, , 24, , 
2021/12/6, 8, , 21, , 
2021/12/7, 10, , 27, , 
2021/12/8, 9, , 26, , 
2021/12/9, 13, , 17, 1, 
2021/12/10, 18, , 8, 2, 
2021/12/11, 14, , 25, 1, 
2021/12/12, 28, , 26, , 
2021/12/13, 16, , 22, , 
2021/12/14, 13, , 25, , 
2021/12/15, 15, , 28, , 
2021/12/16, 11, , 29, , 
2021/12/17, 13, , 29, , 
2021/12/18, 9, , 31, , 
2021/12/19, 7, , 30, , 
2021/12/20, 6, , 27, , 
2021/12/21, 9, , 21, , 
2021/12/22, 9, , 24, , 
2021/12/23, 9, , 30, , 
2021/12/24, 4, , 28, , 
2021/12/25, 5, , 26, , 
2021/12/26, 8, , 27, , 
2021/12/27, 8, , 27, , 
2021/12/28, 14, , 23, , 
2021/12/29, 35, , 19, 1, 
2021/12/30, 27, , 21, 1, 
2021/12/31, 12, , 27, , 
2022/1/1, 9, , 26, , 
2022/1/2, 8, , 27, , 
2021/7/1, 21, , 28, , 
2021/7/2, 32, , 32, , 
2021/7/3, 21, , 39, , 
2021/7/4, 20, , 39, , 
2021/7/5, 32, , 33, , 
2021/7/6, 39, , 38, , 
2021/7/7, 27, , 36, , 
2021/7/8, 18, , 33, , 
2021/7/9, 18, , 44, , 
2021/7/10, 45, , 34, , 
2021/7/11, 20, , 35, , 
2021/7/12, 17, , 35, , 
2021/7/13, 17, , 44, , 
2021/7/14, 31, , 44, , 
2021/7/15, 43, , 38, , 
2021/7/16, 27, , 25, , 
2021/7/17, 29, , 25, , 
2021/7/18, 27, , 20, , 
2021/7/19, 6, , 24, , 
2021/7/20, 9, , 20, , 
2021/7/21, 4, , 23, , 
2021/7/22, 10, , 21, , 
2021/7/23, 11, , 23, , 
2021/7/24, 7, , 33, , 
2021/7/25, 12, , 31, , 
2021/7/26, 14, , 38, , 
2021/7/27, 33, , 39, , 
2021/7/28, 37, , 39, , 
2021/7/29, 31, , 34, , 
2021/7/30, 11, , 35, , 
2021/7/31, 18, , 34, , 
2021/8/1, 19, , 29, , 
2021/8/2, 17, , 24, , 
2021/8/3, 5, , 27, , 
2021/8/4, 4, , 31, , 
2021/8/5, 5, , 33, , 
2021/8/6, 8, , 29, , 
2021/8/7, 16, , 34, , 
2021/8/8, 19, , 30, , 
2021/8/9, 21, , 36, , 
2021/8/10, 21, , 40, , 
2021/8/11, 12, , 38, , 
2021/8/12, 17, , 42, , 
2021/8/13, 23, , 37, , 
2021/8/14, 25, , 26, , 
2021/8/15, 16, , 32, , 
2021/8/16, 16, , 35, , 
2021/8/17, 22, , 33, , 
2021/8/18, 12, , 24, , 
2021/8/19, 14, , 30, , 
2021/8/20, 11, , 25, , 
2021/8/21, 7, , 27, , 
2021/8/22, 5, , 31, , 
2021/8/23, 8, , 30, , 
2021/8/24, 9, , 29, , 
2021/8/25, 15, , 25, , 
2021/8/26, 15, , 17, , 
2021/8/27, 15, , 21, , 
2021/8/28, 37, , 25, , 
2021/8/29, 33, , 27, , 
2021/8/30, 28, , 27, , 
2021/8/31, 21, , 27, , 
2021/9/1, 13, , 28, , 
2021/9/2, 8, , 28, , 
2021/9/3, 8, , 27, , 
2021/9/4, 5, , 30, , 
2021/9/5, 4, , 25, , 
2021/9/6, 11, , 31, , 
2021/9/7, 17, , 28, , 
2021/9/8, 27, , 26, , 
2021/9/9, 26, , 25, , 
2021/9/10, 18, , 48, , 
2021/9/11, 23, , 38, , 
2021/9/12, 33, , 28, , 
2021/9/13, 11, , 29, , 
2021/9/14, 7, , 28, , 
2021/9/15, 7, , 24, , 
2021/9/16, 15, , 24, , 
2021/9/17, 13, , 23, , 
2021/9/18, 10, , 24, , 
2021/9/19, 15, , 26, , 
2021/9/20, 12, , 26, , 
2021/9/21, 9, , 31, , 
2021/9/22, 11, , 32, , 
2021/9/23, 16, , 26, , 
2021/9/24, 5, , 25, , 
2021/9/25, 5, , 24, , 
2021/9/26, 5, , 20, , 
2021/9/27, 7, , 21, 1, 
2021/9/28, 18, , 18, , 
2021/9/29, 37, , 22, , 
2021/9/30, 35, , 25, , 
2021/4/1, 7, , 34, , 
2021/4/2, 6, , 35, , 
2021/4/3, 11, , 36, , 
2021/4/4, 15, , 33, , 
2021/4/5, 17, , 31, , 
2021/4/6, 14, , 29, , 
2021/4/7, 14, , 32, , 
2021/4/8, 7, , 33, 1, 
2021/4/9, 34, , 33, , 
2021/4/10, 11, , 32, 1, 
2021/4/11, 12, , 35, 1, 
2021/4/12, 43, , 34, , 
2021/4/13, 11, , 36, , 
2021/4/14, 7, , 35, , 
2021/4/15, 10, , 34, , 
2021/4/16, 10, , 33, , 
2021/4/17, 12, , 34, , 
2021/4/18, 14, , 33, , 
2021/4/19, 24, , 37, 1, 
2021/4/20, 19, , 37, 2, 
2021/4/21, 34, , 37, 1, 
2021/4/22, 27, , 29, , 
2021/4/23, 7, , 27, , 
2021/4/24, 11, , 28, , 
2021/4/25, 11, , 29, , 
2021/4/26, 12, , 35, , 
2021/4/27, 14, , 37, , 
2021/4/28, 12, , 38, , 
2021/4/29, 12, , 34, , 
2021/4/30, 12, , 31, , 
2021/5/1, 15, , 30, , 
2021/5/2, 10, , 33, 1, 
2021/5/3, 13, , 31, , 
2021/5/4, 15, , 35, 1, 
2021/5/5, 14, , 32, 1, 
2021/5/6, 20, , 32, , 
2021/5/7, 13, , 34, , 
2021/5/8, 20, , 37, , 
2021/5/9, 26, , 47, 1, 
2021/5/10, 45, , 42, 2, 
2021/5/11, 47, , 45, 2, 
2021/5/12, 35, , 47, 5, 
2021/5/13, 66, , 35, 3, 
2021/5/14, 51, , 35, 2, 
2021/5/15, 33, , 33, 1, 
2021/5/16, 24, , 34, 1, 
2021/5/17, 35, , 35, 1, 
2021/5/19, 15, , 33, , 
2021/5/20, 16, , 30, , 
2021/5/21, 7, , 39, 1, 
2021/5/22, 17, , 35, 2, 
2021/5/23, 10, , 23, , 
2021/5/24, 7, , 30, 1, 
2021/5/25, 10, , 41, 1, 
2021/5/26, 17, , 34, 1, 
2021/5/27, 21, , 26, 1, 
2021/5/28, 6, , 35, , 
2021/5/29, 15, , 35, , 
2021/5/30, 14, , 34, , 
2021/5/31, 15, , 38, , 
2021/6/1, 15, , 39, 1, 
2021/6/2, 16, , 35, 2, 
2021/6/3, 16, , 33, 2, 
2021/6/4, 20, , 42, 1, 
2021/6/5, 16, , 40, 1, 
2021/6/6, 20, , 41, , 
2021/6/7, 28, , 34, 1, 
2021/6/8, 36, , 41, 2, 
2021/6/9, 26, , 41, 1, 
2021/6/10, 27, , 42, 3, 
2021/6/11, 22, , 37, 1, 
2021/6/12, 22, , 24, , 
2021/6/13, 10, , 33, , 
2021/6/14, 14, , 30, , 
2021/6/15, 21, , 28, , 
2021/6/16, 10, , 34, 1, 
2021/6/17, 18, , 59, 1, 
2021/6/18, 32, , 54, 1, 
2021/6/19, 52, , 52, 1, 
2021/6/20, 63, , 43, 1, 
2021/6/21, 63, , 39, 1, 
2021/6/22, 58, , 28, , 
2021/6/23, 24, , 24, , 
2021/6/24, 19, , 23, 1, 
2021/6/25, 25, , 26, , 
2021/6/26, 15, , 30, , 
2021/6/27, 13, , 30, , 
2021/6/28, 18, , 29, , 
2021/6/29, 28, , 26, , 
2021/6/30, 33, , 27, , 
2021/1/4, 11, , 11, 1, 
2021/1/5, 20, , 19, , 
2021/1/6, 16, , 17, 1, 
2021/1/7, 13, , 21, 1, 
2021/1/8, 22, , 24, , 
2021/1/9, 15, , 22, , 
2021/1/10, 10, , 28, , 
2021/1/11, 7, , 24, 1, 
2021/1/12, 26, , 18, 3, 
2021/1/13, 33, , 24, 3, 
2021/1/14, 31, , 29, 1, 
2021/1/15, 17, , 26, , 
2021/1/16, 16, , 29, , 
2021/1/17, 10, , 28, , 
2021/1/18, 4, , 28, , 
2021/1/19, 18, , 27, 1, 
2021/1/20, 47, , 24, 2, 
2021/1/21, 41, , 28, 2, 
2021/1/22, 37, , 26, , 
2021/1/23, 18, , 22, 1, 
2021/1/24, 7, , 18, 1, 
2021/1/25, 7, , 17, 1, 
2021/1/26, 5, , 18, , 
2021/1/27, 15, , 18, , 
2021/1/28, 11, , 15, 1, 
2021/1/29, 19, , 24, , 
2021/1/30, 9, , 24, , 
2021/1/31, 10, , 25, , 
2021/2/1, 4, , 27, , 
2021/2/2, 6, , 22, 2, 
2021/2/10, 15, , 31, 1, 
2021/2/11, 17, , 33, , 
2021/2/12, 7, , 33, , 
2021/2/13, 10, , 32, , 
2021/2/14, 2, , 32, , 
2021/2/15, 5, , 31, 1, 
2021/2/16, 7, , 29, 1, 
2021/2/17, 14, , 31, 1, 
2021/2/18, 18, , 30, 1, 
2021/2/19, 48, , 26, 2, 
2021/2/20, 38, , 22, 2, 
2021/2/21, 27, , 17, 4, 
2021/2/22, 44, , 15, 3, 
2021/2/23, 54, , 18, 2, 
2021/2/24, 28, , 26, 1, 
2021/2/25, 20, , 32, , 
2021/2/26, 12, , 32, , 
2021/2/27, 3, , 32, , 
2021/2/28, 4, , 91, 3, 12
2021/3/1, 54, , 62, 13, 15
2021/3/2, 149, , 34, 1, 
2021/3/3, 10, , 33, , 
2021/3/4, 7, , 33, , 
2021/3/5, 3, , 34, , 
2021/3/6, 7, , 34, , 
2021/3/7, 7, , 34, , 
2021/3/8, 9, , 31, 1, 
2021/3/9, 12, , 34, 1, 
2021/3/10, 38, , 34, , 
2021/3/24, 35, , 32, 1, 
2021/3/25, 23, , 28, 1, 
2021/3/26, 36, , 37, 3, 
2021/3/27, 54, , 32, 2, 
2021/3/28, 23, , 28, 2, 
2021/3/29, 19, , 23, 1, 
2021/3/30, 9, , 32, 1, 
2021/3/31, 8, , 32, , 
2020/10/1, 43, , 26, 1, 
2020/10/2, 65, , 24, 1, 
2020/10/3, 63, , 21, 1, 
2020/10/4, 68, , 30, , 
2020/10/5, 31, , 27, , 
2020/10/6, 35, , 23, 1, 
2020/10/7, 25, , 27, , 
2020/10/8, 16, , 27, , 
2020/10/9, 16, , 27, , 
2020/10/10, 12, , 30, , 
2020/10/11, 8, , 30, , 
2020/10/12, 8, , 24, , 
2020/10/13, 2, , 21, , 
2020/10/14, 13, , 24, , 
2020/10/15, 8, , 29, , 
2020/10/16, 8, , 29, , 
2020/10/17, 33, , 28, , 
2020/10/18, 18, , 25, , 
2020/10/28, 28, , 21, 1, 
2020/10/29, 25, , 22, 1, 
2020/10/30, 22, , 24, , 
2020/10/31, 21, , 22, , 
2020/11/1, 14, , 18, , 
2020/11/2, 43, , 28, , 
2020/11/3, 11, , 28, , 
2020/11/4, 11, , 24, , 
2020/11/5, 14, , 26, , 
2020/11/6, 10, , 26, , 
2020/11/7, 18, , 34, , 
2020/11/8, 10, , 30, , 
2020/11/9, 9, , 22, , 
2020/11/15, 47, , 11, 2, 
2020/11/16, 59, , 25, 1, 
2020/11/17, 8, , 21, 1, 
2020/11/18, 13, , 30, , 
2020/11/19, 22, , 29, , 
2020/11/21, 7, , 27, , 
2020/11/22, 19, , 29, , 
2020/12/8, 34, , 22, 1, 
2020/12/9, 32, , 24, 1, 
2020/12/10, 33, , 19, 1, 
2020/12/11, 45, , 21, 1, 
2020/12/12, 37, , 28, , 
2020/12/13, 40, , 25, , 
2020/12/14, 22, , 15, 1, 
2020/12/15, 45, , 20, 1, 
2020/12/16, 27, , 27, , 
2020/12/17, 2, , 20, 1, 
2020/12/18, 6, , 21, 1, 
2020/12/19, 15, , 22, 1, 
2020/12/20, 43, , 19, 1, 
2020/12/21, 32, , 23, 1, 
2020/12/22, 20, , 25, , 
2020/12/23, 8, , 23, , 
2020/12/24, 2, , 18, , 
2020/12/25, 2, , 20, , 
2020/12/26, 3, , 26, , 
2020/12/27, 20, , 21, 1, 
2020/12/28, 24, , 16, 1, 
2020/12/29, 16, , 22, 1, 
2020/12/30, 10, , 23, 1, 
2020/12/31, 28, , 23, , 
2021/1/1, 18, , 21, , 
2021/1/2, 14, , 19, , 
2021/1/3, 13, , 9, , 
2020/7/1, 17, , 32, , 
2020/7/2, 22, , 28, , 
2020/7/3, 15, , 28, , 
2020/7/4, 17, , 25, , 
2020/7/5, 20, , 27, , 
2020/7/6, 28, , 24, , 
2020/7/7, 14, , 23, , 
2020/7/8, 10, , 24, , 
2020/7/9, 15, , 31, , 
2020/7/10, 15, , 27, , 
2020/7/11, 18, , 26, , 
2020/7/12, 13, , 25, , 
2020/7/13, 9, , 27, , 
2020/7/14, 33, , 31, , 
2020/7/15, 22, , 29, , 
2020/7/16, 22, , 32, , 
2020/7/17, 23, , 37, , 
2020/7/18, 22, , 39, 1, 
2020/7/19, 35, , 41, 1, 
2020/7/20, 37, , 37, , 
2020/7/21, 14, , 20, , 
2020/7/22, 16, , 21, , 
2020/7/23, 10, , 28, , 
2020/7/24, 23, , 26, , 
2020/7/25, 11, , 25, , 
2020/7/26, 23, , 28, , 
2020/7/27, 21, , 29, , 
2020/7/28, 19, , 27, , 
2020/7/29, 20, , 25, , 
2020/7/30, 12, , 21, , 
2020/7/31, 27, , 26, , 
2020/8/1, 17, , 29, , 
2020/8/2, 25, , 25, , 
2020/8/3, 21, , 22, , 
2020/8/4, 12, , 31, , 
2020/8/5, 14, , 33, , 
2020/8/6, 27, , 43, , 
2020/8/7, 31, , 42, 1, 
2020/8/8, 27, , 37, , 
2020/8/9, 29, , 20, , 
2020/8/10, 13, , 22, , 
2020/8/11, 14, , 25, , 
2020/8/12, 17, , 25, , 
2020/8/13, 17, , 30, , 
2020/8/14, 15, , 40, , 
2020/8/15, 37, , 32, , 
2020/8/16, 26, , 28, , 
2020/8/17, 14, , 27, , 
2020/8/18, 12, , 34, 1, 
2020/8/19, 21, , 30, 1, 
2020/8/20, 25, , 34, , 
2020/8/21, 26, , 36, , 
2020/8/22, 41, , 31, , 
2020/8/23, 16, , 26, , 
2020/8/24, 13, , 31, , 
2020/8/25, 12, , 27, , 
2020/8/26, 12, , 25, , 
2020/8/27, 7, , 27, , 
2020/8/28, 12, , 26, , 
2020/8/29, 15, , 28, , 
2020/8/30, 18, , 25, , 
2020/8/31, 11, , 25, , 1
2020/9/1, 20, , 25, , 
2020/9/2, 20, , 28, , 
2020/9/3, 28, , 34, , 
2020/9/4, 17, , 26, , 
2020/9/5, 25, , 26, , 
2020/9/6, 10, , 26, , 
2020/9/7, 9, , 26, , 
2020/9/8, 18, , 20, , 
2020/9/9, 33, , 24, , 
2020/9/10, 1, , 27, , 
2020/9/13, 24, , 21, , 
2020/9/14, 16, , 21, 1, 
2020/9/15, 18, , 32, , 
2020/9/16, 60, , 25, , 
2020/9/17, 6, , 24, , 
2020/9/18, 14, , 22, , 
2020/9/19, 11, , 23, , 
2020/9/20, 29, , 21, , 
2020/9/21, 27, , 26, , 
2020/9/22, 25, , 37, 1, 
2020/9/23, 72, , 38, 1, 
2020/9/24, 83, , 32, 1, 
2020/9/25, 72, , 28, 1, 
2020/9/26, 63, , 30, 1, 
2020/9/27, 54, , 22, 1, 
2020/9/28, 49, , 28, 1, 
2020/9/29, 25, , 26, , 
2020/9/30, 25, , 21, 1, 
2020/4/1, 16, , 38, , 
2020/4/2, 16, , 36, , 
2020/4/3, 12, , 32, , 
2020/4/4, 12, , 32, , 
2020/4/5, 10, , 38, 2, 
2020/4/6, 38, , 38, 1, 
2020/4/7, 44, , 31, , 
2020/4/8, 17, , 34, , 
2020/4/9, 14, , 31, , 
2020/4/10, 12, , 32, , 
2020/4/11, 11, , 33, 1, 
2020/4/12, 23, , 34, , 
2020/4/13, 10, , 33, , 
2020/4/14, 11, , 33, , 
2020/4/15, 12, , 33, , 
2020/4/16, 10, , 31, , 
2020/4/17, 10, , 33, , 
2020/4/18, 13, , 33, , 
2020/4/19, 10, , 32, , 
2020/4/20, 10, , 36, , 
2020/4/21, 11, , 34, , 
2020/4/22, 13, , 37, , 
2020/4/23, 12, , 36, , 
2020/4/24, 9, , 35, , 
2020/4/25, 12, , 34, , 
2020/4/26, 12, , 33, , 
2020/4/27, 12, , 32, , 
2020/4/28, 9, , 28, , 
2020/4/29, 18, , 30, , 
2020/4/30, 17, , 31, 1, 
2020/5/1, 24, , 35, 2, 
2020/5/2, 23, , 33, 1, 
2020/5/3, 7, , 32, , 
2020/5/4, 18, , 33, , 
2020/5/5, 20, , 34, , 
2020/5/6, 12, , 31, , 
2020/5/7, 11, , 34, , 
2020/5/8, 15, , 32, , 
2020/5/9, 12, , 41, 1, 
2020/5/10, 22, , 33, , 
2020/5/11, 8, , 27, , 
2020/5/12, 13, , 32, , 
2020/5/13, 14, , 32, , 
2020/5/14, 12, , 33, , 
2020/5/15, 13, , 32, , 
2020/5/16, 10, , 25, , 
2020/5/17, 12, , 27, , 
2020/5/18, 10, , 29, , 
2020/5/19, 12, , 30, , 
2020/5/20, 14, , 30, , 
2020/5/21, 19, , 31, , 
2020/5/22, 20, , 33, 1, 
2020/5/23, 21, , 36, 1, 
2020/5/24, 26, , 34, , 
2020/5/25, 16, , 32, , 
2020/5/26, 20, , 29, , 
2020/5/27, 18, , 28, , 
2020/5/28, 10, , 28, , 
2020/5/29, 11, , 28, , 
2020/5/30, 11, , 29, , 
2020/5/31, 12, , 24, , 
2020/6/1, 16, , 33, , 
2020/6/2, 16, , 34, , 
2020/6/3, 18, , 31, , 
2020/6/4, 15, , 31, 1, 
2020/6/5, 39, , 33, , 
2020/6/6, 30, , 36, , 
2020/6/7, 25, , 36, 2, 
2020/6/8, 38, , 34, 1, 
2020/6/9, 20, , 29, , 
2020/6/10, 13, , 31, , 
2020/6/11, 26, , 29, , 
2020/6/12, 26, , 29, , 
2020/6/13, 17, , 37, , 
2020/6/14, 15, , 34, 1, 
2020/6/15, 32, , 30, 2, 
2020/6/16, 34, , 36, , 
2020/6/17, 22, , 35, , 
2020/6/18, 24, , 33, , 
2020/6/19, 36, , 32, , 
2020/6/20, 31, , 26, , 
2020/6/21, 15, , 31, , 
2020/6/22, 17, , 36, 1, 
2020/6/23, 26, , 36, , 
2020/6/24, 22, , 36, , 
2020/6/25, 34, , 41, 1, 
2020/6/26, 28, , 51, 1, 
2020/6/27, 41, , 44, 1, 
2020/6/28, 44, , 31, 1, 
2020/6/29, 25, , 33, , 
2020/6/30, 23, , 26, , 
2020/1/1, 17, , 28, , 
2020/1/2, 29, , 33, , 
2020/1/3, 34, , 33, , 
2020/1/4, 24, , 29, , 
2020/1/5, 19, , 26, , 
2020/1/6, 14, , 24, , 
2020/1/7, 16, , 30, 1, 
2020/1/8, 30, , 30, , 
2020/1/9, 21, , 28, , 
2020/1/10, 19, , 30, , 
2020/1/11, 27, , 28, , 
2020/1/12, 19, , 27, , 
2020/1/13, 15, , 27, , 
2020/1/14, 28, , 29, 1, 
2020/1/15, 24, , 31, , 
2020/1/16, 20, , 26, 1, 
2020/1/17, 30, , 28, 1, 
2020/1/18, 56, , 29, , 
2020/1/19, 12, , 29, , 
2020/1/20, 22, , 33, , 
2020/1/21, 27, , 33, , 
2020/1/22, 15, , 31, , 
2020/1/23, 14, , 27, 1, 
2020/1/24, 18, , 32, , 
2020/1/25, 40, , 27, , 
2020/1/26, 34, , 21, 1, 
2020/1/27, 20, , 20, 2, 
2020/1/28, 33, , 19, 1, 
2020/1/29, 36, , 22, 1, 
2020/1/30, 27, , 26, , 
2020/1/31, 14, , 26, , 
2020/2/1, 14, , 27, , 
2020/2/2, 18, , 30, , 
2020/2/3, 7, , 33, , 
2020/2/4, 7, , 30, , 
2020/2/5, 12, , 31, , 
2020/2/6, 9, , 29, , 
2020/2/7, 12, , 26, , 
2020/2/8, 13, , 27, 1, 
2020/2/9, 45, , 32, 1, 
2020/2/10, 23, , 32, , 
2020/2/11, 16, , 30, , 
2020/2/12, 17, , 27, , 
2020/2/13, 11, , 27, , 
2020/2/14, 11, , 28, , 
2020/2/15, 17, , 23, 1, 
2020/2/16, 30, , 34, , 
2020/2/17, 18, , 29, , 
2020/2/18, 22, , 31, , 
2020/2/19, 17, , 30, , 
2020/2/20, 9, , 30, , 
2020/2/21, 24, , 33, , 
2020/2/22, 17, , 31, , 
2020/2/23, 14, , 32, , 
2020/2/24, 12, , 31, , 
2020/2/25, 10, , 30, , 
2020/2/26, 11, , 30, , 
2020/2/27, 15, , 30, , 
2020/2/28, 12, , 29, , 
2020/2/29, 12, , 30, , 
2020/3/1, 23, , 27, 1, 
2020/3/2, 18, , 18, 5, 
2020/3/3, 34, , 19, 2, 
2020/3/4, 25, , 24, , 
2020/3/5, 9, , 23, , 
2020/3/6, 11, , 21, 3, 
2020/3/7, 17, , 34, 2, 
2020/3/8, 20, , 31, 2, 
2020/3/9, 48, , 30, 2, 
2020/3/10, 33, , 26, 1, 
2020/3/11, 18, , 34, , 
2020/3/12, 14, , 32, , 
2020/3/13, 8, , 32, , 
2020/3/14, 6, , 34, , 
2020/3/15, 21, , 34, , 
2020/3/16, 21, , 31, , 
2020/3/17, 14, , 27, 1, 
2020/3/18, 15, , 30, , 
2020/3/19, 10, , 29, , 
2020/3/20, 10, , 33, , 
2020/3/21, 10, , 34, , 
2020/3/22, 12, , 33, , 
2020/3/23, 15, , 36, , 
2020/3/24, 23, , 39, 1, 
2020/3/25, 40, , 43, 1, 
2020/3/26, 46, , 42, 1, 
2020/3/27, 43, , 41, 1, 
2020/3/28, 34, , 32, , 
2020/3/29, 6, , , , 
2019/10/1, 10, , 22, , 
2019/10/2, 12, , 17, , 
2019/10/3, 11, , 26, , 
2019/10/4, 10, , 26, , 
2019/10/5, 11, , 27, , 
2019/10/6, 11, , 27, , 
2019/10/7, 11, , 28, , 
2019/10/8, 10, , 30, , 
2019/10/9, 10, , 26, 1, 
2019/10/10, 20, , 23, , 
2019/10/11, 17, , 25, , 
2019/10/12, 13, , 23, , 
2019/10/13, 9, , 28, , 
2019/10/14, 11, , 21, , 
2019/10/15, 20, , 16, , 
2019/10/16, 36, , 8, 1, 
2019/10/17, 14, , 16, 1, 
2019/10/18, 14, , 27, 1, 
2019/10/19, 25, , 21, 1, 
2019/10/20, 28, , 22, , 
2019/10/21, 5, , 25, , 
2019/10/22, 19, , 27, , 
2019/10/23, 16, , 27, , 
2019/10/24, 18, , 26, 1, 
2019/10/25, 43, , 30, , 
2019/10/26, 5, , 29, , 
2019/10/27, 5, , 25, , 
2019/10/28, 28, , 28, , 
2019/10/31, 5, , 30, , 
2019/11/14, 13, , 24, 1, 
2019/11/15, 10, , 18, 1, 
2019/11/16, 33, , 20, 1, 
2019/11/17, 29, , 18, 1, 
2019/11/18, 27, , 18, 1, 
2019/11/19, 57, , 19, 1, 
2019/11/20, 23, , 24, , 
2019/11/21, 18, , 17, 1, 
2019/11/22, 31, , 16, 1, 
2019/11/23, 26, , 15, 1, 
2019/11/24, 42, , 18, 1, 
2019/11/25, 38, , 18, 1, 
2019/11/26, 42, , 11, 2, 
2019/11/27, 24, , 12, 2, 
2019/11/28, 36, , 31, 1, 
2019/11/29, 30, , 33, , 
2019/11/30, 4, , 32, , 
2019/12/1, 1, , 32, , 
2019/12/7, 2, , 28, , 
2019/12/8, 2, , 32, , 
2019/12/9, 43, , 30, , 
2019/12/12, 29, , 22, 1, 
2019/12/13, 36, , 20, 1, 
2019/12/14, 33, , 32, , 
2019/12/15, 21, , 31, , 
2019/12/16, 16, , 29, , 
2019/12/17, 21, , 27, 2, 
2019/12/18, 35, , 26, , 
2019/12/19, 20, , 25, 1, 
2019/12/20, 27, , 16, 1, 
2019/12/21, 62, , 22, 1, 
2019/12/22, 44, , 25, , 
2019/12/23, 10, , 28, , 
2019/12/24, 12, , 26, , 
2019/12/25, 9, , 15, , 
2019/12/26, 8, , 27, , 
2019/12/27, 18, , 29, , 
2019/12/28, 20, , 29, , 
2019/12/29, 26, , , , 
2019/7/1, 32, , 25, , 
2019/7/2, 14, , 24, , 
2019/7/3, 10, , 28, , 
2019/7/4, 12, , 29, , 
2019/7/5, 10, , 24, , 
2019/7/6, 16, , 24, , 
2019/7/7, 22, , 21, , 
2019/7/8, 18, , 14, , 
2019/7/9, 13, , 25, , 
2019/7/10, 18, , 26, , 
2019/7/11, 27, , 29, , 
2019/7/12, 18, , 31, , 
2019/7/13, 17, , 26, , 
2019/7/14, 18, , 33, , 
2019/7/15, 16, , 29, , 
2019/7/16, 14, , 28, , 
2019/7/17, 21, , 29, , 
2019/7/18, 28, , 28, , 
2019/7/19, 23, , 36, , 
2019/7/20, 13, , 30, 1, 
2019/7/21, 18, , 38, 1, 
2019/7/22, 23, , 30, 1, 
2019/7/23, 22, , 32, , 
2019/7/24, 19, , 33, 1, 
2019/7/25, 18, , 37, , 
2019/7/26, 29, , 42, , 
2019/7/27, 35, , 32, , 
2019/7/28, 43, , 28, 1, 
2019/7/29, 30, , 25, 1, 
2019/7/30, 11, , 23, , 
2019/7/31, 13, , 24, 1, 
2019/8/1, 20, , 27, 1, 
2019/8/2, 24, , 24, 1, 
2019/8/3, 16, , 25, 1, 
2019/8/4, 16, , 31, , 
2019/8/5, 16, , 35, , 
2019/8/6, 24, , 41, , 
2019/8/7, 25, , 37, , 
2019/8/8, 21, , 33, , 
2019/8/9, 27, , 35, , 
2019/8/10, 27, , 31, , 
2019/8/11, 20, , 39, , 
2019/8/12, 18, , 34, , 
2019/8/13, 20, , 31, , 
2019/8/14, 18, , 32, , 
2019/8/15, 15, , 37, , 
2019/8/16, 19, , 33, , 
2019/8/17, 20, , 35, , 
2019/8/18, 23, , 38, , 
2019/8/19, 25, , 29, , 
2019/8/20, 19, , 31, , 
2019/8/21, 21, , 34, , 
2019/8/22, 21, , 38, , 
2019/8/23, 21, , 24, , 
2019/8/24, 25, , 27, , 
2019/8/25, 13, , 32, , 
2019/8/26, 24, , 43, 1, 
2019/8/27, 35, , 38, 1, 
2019/8/28, 38, , 32, 1, 
2019/8/29, 34, , 31, 1, 
2019/8/30, 35, , 37, , 
2019/8/31, 16, , 35, , 
2019/9/1, 23, , 31, 1, 
2019/9/2, 36, , 32, , 
2019/9/3, 12, , 30, , 
2019/9/4, 14, , 30, , 
2019/9/5, 18, , 27, , 
2019/9/6, 15, , 34, , 
2019/9/7, 12, , 31, , 
2019/9/8, 21, , 32, , 
2019/9/9, 29, , 36, 2, 
2019/9/10, 48, , 30, , 
2019/9/11, 21, , 33, , 
2019/9/12, 22, , 25, , 
2019/9/13, 16, , 28, , 
2019/9/14, 13, , 28, , 
2019/9/15, 17, , 25, , 
2019/9/16, 14, , 25, , 
2019/9/17, 11, , 22, , 
2019/9/18, 14, , 27, , 
2019/9/19, 13, , 26, , 
2019/9/20, 12, , 27, , 
2019/9/21, 14, , 26, , 
2019/9/22, 10, , 26, , 
2019/9/23, 11, , 28, , 
2019/9/24, 11, , 30, , 
2019/9/25, 14, , 25, 1, 
2019/9/26, 16, , 29, , 
2019/9/27, 20, , 30, 1, 
2019/9/28, 28, , 24, , 
2019/9/29, 24, , 25, , 
2019/9/30, 13, , 27, , 
2019/4/1, 14, , 33, 1, 
2019/4/2, 14, , 38, 1, 
2019/4/3, 28, , 40, 2, 
2019/4/4, 47, , 39, 3, 
2019/4/5, 50, , 38, 4, 
2019/4/6, 49, , 41, 3, 
2019/4/7, 46, , 40, 1, 
2019/4/8, 33, , 31, , 
2019/4/9, 12, , 30, , 
2019/4/10, 10, , 33, , 
2019/4/11, 17, , 35, , 
2019/4/12, 15, , 36, , 
2019/4/13, 13, , 39, , 
2019/4/14, 15, , 39, 1, 
2019/4/15, 13, , 39, 2, 
2019/4/16, 18, , 42, 1, 
2019/4/17, 20, , 42, 1, 
2019/4/18, 17, , 45, 1, 
2019/4/19, 34, , 42, 1, 
2019/4/20, 27, , 39, 3, 
2019/4/21, 33, , 39, 3, 
2019/4/22, 43, , 43, 3, 
2019/4/23, 60, , 42, 5, 
2019/4/24, 67, , 61, 3, 
2019/4/25, 82, , 55, 3, 
2019/4/26, 65, , 48, 3, 
2019/4/27, 61, , 41, , 
2019/4/28, 20, , 34, 1, 
2019/4/29, 22, , 28, 5, 
2019/4/30, 29, , 36, 6, 
2019/5/1, 29, , 36, , 
2019/5/2, 10, , 35, , 
2019/5/3, 35, , 31, , 
2019/5/4, 18, , 32, , 
2019/5/5, 14, , 37, 1, 
2019/5/6, 27, , 37, , 
2019/5/7, 15, , 36, 1, 
2019/5/8, 19, , 38, 2, 
2019/5/9, 16, , 34, 3, 
2019/5/10, 29, , 36, 5, 
2019/5/11, 35, , 32, 2, 
2019/5/12, 17, , 28, , 
2019/5/13, 7, , 31, , 
2019/5/14, 8, , 34, 1, 
2019/5/15, 13, , 37, 1, 
2019/5/16, 22, , 45, 1, 
2019/5/17, 16, , 44, 2, 
2019/5/18, 23, , 35, 3, 
2019/5/19, 36, , 32, 3, 
2019/5/20, 45, , 43, 5, 
2019/5/21, 53, , 44, 2, 
2019/5/22, 57, , 29, 1, 
2019/5/23, 43, , 26, 3, 
2019/5/24, 20, , 38, 1, 
2019/5/25, 25, , 32, 1, 
2019/5/26, 15, , 25, , 
2019/5/27, 16, , 31, 2, 
2019/5/28, 20, , 32, 2, 
2019/5/29, 16, , 34, 2, 
2019/5/30, 15, , 33, 1, 
2019/5/31, 18, , 28, 1, 
2019/6/1, 18, , 26, 1, 
2019/6/2, 15, , 30, 2, 
2019/6/3, 18, , 38, 2, 
2019/6/4, 36, , 41, 4, 
2019/6/5, 56, , 36, 7, 
2019/6/6, 58, , 40, 4, 
2019/6/7, 55, , 41, 3, 
2019/6/8, 53, , 40, 1, 
2019/6/9, 38, , 39, , 
2019/6/10, 22, , 40, 3, 
2019/6/11, 20, , 29, , 
2019/6/12, 13, , 24, 1, 
2019/6/13, 24, , 28, 2, 
2019/6/14, 30, , 42, 1, 
2019/6/15, 25, , 48, 2, 
2019/6/16, 27, , 42, 1, 
2019/6/17, 26, , 33, 1, 
2019/6/18, 25, , 41, 1, 
2019/6/19, 29, , 43, 4, 
2019/6/20, 41, , 43, 1, 
2019/6/21, 48, , 30, 1, 
2019/6/22, 17, , 28, 1, 
2019/6/23, 13, , 27, 1, 
2019/6/24, 13, , 29, , 
2019/6/25, 11, , 28, 1, 
2019/6/26, 13, , 31, , 
2019/6/27, 18, , 26, , 
2019/6/28, 12, , 29, 1, 
2019/6/29, 14, , 35, 1, 
2019/6/30, 14, , 42, 1, 
2019/1/1, 16, , 31, , 
2019/1/2, 10, , 30, , 
2019/1/3, 10, , 28, , 
2019/1/4, 15, , 27, , 
2019/1/5, 9, , 31, , 
2019/1/6, 9, , 28, 1, 
2019/1/7, 12, , 22, 1, 
2019/1/8, 17, , 30, , 
2019/1/9, 13, , 31, , 
2019/1/10, 10, , 34, , 
2019/1/11, 13, , 30, , 
2019/1/12, 9, , 30, , 
2019/1/13, 8, , 30, , 
2019/1/14, 7, , 30, , 
2019/1/15, 8, , 30, , 
2019/1/16, 8, , 29, 1, 
2019/1/17, 12, , 30, , 
2019/1/18, 10, , 32, , 
2019/1/19, 10, , 31, , 
2019/1/20, 9, , 27, , 
2019/1/21, 14, , 29, , 
2019/1/22, 12, , 26, 1, 
2019/1/23, 14, , 30, 1, 
2019/1/24, 25, , 28, , 
2019/1/25, 29, , 25, 1, 
2019/1/26, 24, , 26, 1, 
2019/1/27, 24, , 27, 1, 
2019/1/28, 39, , 22, 2, 
2019/1/29, 67, , 18, 2, 
2019/1/30, 46, , 22, 3, 
2019/1/31, 36, , 20, 3, 
2019/2/1, 29, , 14, 2, 
2019/2/2, 28, , 19, 2, 
2019/2/3, 18, , 25, 1, 
2019/2/4, 18, , 25, 1, 
2019/2/5, 21, , 24, 1, 
2019/2/6, 12, , 25, 1, 
2019/2/7, 11, , 32, 2, 
2019/2/8, 36, , 25, 2, 
2019/2/9, 40, , 30, 1, 
2019/2/10, 17, , 28, 2, 
2019/2/11, 21, , 33, , 
2019/2/12, 9, , 33, 1, 
2019/2/13, 10, , 34, 1, 
2019/2/14, 21, , 24, 1, 
2019/2/15, 17, , 24, 3, 
2019/2/16, 37, , 33, 1, 
2019/2/17, 13, , 30, 1, 
2019/2/18, 14, , 26, 2, 
2019/2/19, 50, , 33, , 
2019/2/20, 7, , 31, , 
2019/2/21, 9, , 32, , 
2019/2/22, 10, , 24, 1, 
2019/2/23, 22, , 28, 1, 
2019/2/24, 27, , 37, , 
2019/2/25, 9, , 34, , 
2019/2/26, 7, , 30, 2, 
2019/2/27, 19, , 33, , 
2019/2/28, 10, , 34, , 
2019/3/1, 2, , 35, 1, 
2019/3/2, 18, , 32, , 
2019/3/3, 12, , 29, , 
2019/3/4, 18, , 34, 1, 
2019/3/5, 20, , 34, , 
2019/3/6, 8, , 29, 1, 
2019/3/7, 30, , 28, 2, 
2019/3/8, 16, , 34, , 
2019/3/9, 11, , 34, , 
2019/3/10, 6, , 32, , 
2019/3/11, 20, , 33, , 
2019/3/12, 12, , 32, , 
2019/3/13, 35, , 26, 2, 
2019/3/14, 51, , 26, 1, 
2019/3/15, 20, , 20, 2, 
2019/3/16, 24, , 29, 1, 
2019/3/17, 10, , 34, 1, 
2019/3/18, 14, , 31, 1, 
2019/3/19, 28, , 31, 1, 
2019/3/20, 13, , 35, 1, 
2019/3/21, 14, , 36, , 
2019/3/22, 15, , 34, , 
2019/3/23, 18, , 35, , 
2019/3/24, 12, , 31, 1, 
2019/3/25, 14, , 35, , 
2019/3/26, 4, , 33, 1, 
2019/3/27, 17, , 32, 1, 
2019/3/28, 17, , 35, , 
2019/3/29, 19, , 34, 1, 
2019/3/30, 27, , 35, , 
2019/3/31, 7, , 34, , 
2018/10/1, 11, , 29, , 
2018/10/2, 9, , 28, , 
2018/10/3, 10, , 23, , 
2018/10/4, 4, , , , 
2018/10/10, 22, , 25, 2, 
2018/10/11, 14, , 33, 1, 
2018/10/12, 41, , 35, 2, 
2018/10/13, 80, , 37, 2, 
2018/10/14, 82, , 31, 2, 
2018/10/15, 62, , 33, 2, 
2018/10/16, 46, , 28, 3, 
2018/10/17, 52, , 30, 2, 
2018/10/18, 43, , 28, 1, 
2018/10/19, 8, , 24, 2, 
2018/10/20, 12, , 27, , 
2018/10/21, 13, , 27, , 
2018/10/22, 10, , 29, , 
2018/10/23, 7, , 28, , 
2018/10/24, 4, , 27, , 
2018/10/25, 6, , 24, , 
2018/10/26, 9, , 22, , 
2018/10/27, 11, , 26, , 
2018/10/28, 10, , 26, , 
2018/10/29, 11, , 21, , 
2018/10/30, 17, , 18, 1, 
2018/10/31, 29, , 25, 1, 
2018/11/1, 25, , 18, 1, 
2018/11/2, 56, , 23, 1, 
2018/11/3, 23, , 29, , 
2018/11/4, 10, , 25, 1, 
2018/11/5, 15, , 15, 1, 
2018/11/6, 26, , 17, 2, 
2018/11/7, 64, , 17, 1, 
2018/11/8, 48, , 13, 1, 
2018/11/9, 12, , 14, 1, 
2018/11/10, 21, , 17, 1, 
2018/11/11, 51, , 17, 1, 
2018/11/12, 50, , 22, 2, 
2018/11/13, 17, , 26, 1, 
2018/11/14, 13, , 26, , 
2018/11/15, 16, , 23, 1, 
2018/11/16, 28, , 25, 1, 
2018/11/17, 29, , 26, , 
2018/11/18, 8, , 27, , 
2018/11/19, 12, , 28, , 
2018/11/20, 9, , 26, , 
2018/11/21, 12, , 27, , 
2018/11/22, 10, , 24, , 
2018/11/23, 11, , 31, , 
2018/11/24, 11, , 31, , 
2018/11/25, 8, , 31, , 
2018/11/26, 9, , 27, , 
2018/11/27, 10, , 25, , 
2018/11/28, 10, , 27, , 
2018/11/29, 26, , 27, 1, 
2018/11/30, 45, , 26, 1, 
2018/12/1, 31, , 21, 2, 
2018/12/2, 48, , 17, 2, 
2018/12/3, 55, , 22, 2, 
2018/12/4, 15, , 30, , 
2018/12/5, 6, , 26, 1, 
2018/12/6, 7, , 23, 1, 
2018/12/7, 20, , 27, 2, 
2018/12/8, 12, , 25, 1, 
2018/12/9, 17, , 15, 1, 
2018/12/10, 19, , 20, 2, 
2018/12/11, 20, , 23, 1, 
2018/12/12, 15, , 21, , 
2018/12/13, 12, , 21, , 
2018/12/14, 8, , 24, , 
2018/12/15, 11, , 26, , 
2018/12/16, 18, , 19, 1, 
2018/12/17, 25, , 18, , 
2018/12/18, 13, , 19, 1, 
2018/12/19, 31, , 21, 1, 
2018/12/20, 39, , 18, 1, 
2018/12/21, 26, , 18, 2, 
2018/12/22, 34, , 9, 5, 
2018/12/23, 36, , 24, 1, 
2018/12/24, 18, , 30, , 
2018/12/25, 12, , 33, , 
2018/12/26, 13, , 26, , 
2018/12/27, 12, , 26, , 
2018/12/28, 9, , 23, 1, 
2018/12/29, 11, , 30, 1, 
2018/12/30, 10, , , , 
2018/7/1, 7, , 24, , 
2018/7/2, 13, , 25, 1, 
2018/7/3, 23, , 30, , 
2018/7/4, 22, , 28, , 
2018/7/5, 53, , 25, , 
2018/7/6, 37, , 24, , 
2018/7/7, 19, , 24, , 
2018/7/8, 31, , 23, 1, 
2018/7/9, 42, , 33, 2, 
2018/7/10, 40, , 29, 1, 
2018/7/11, 25, , 34, 1, 
2018/7/12, 35, , 33, 1, 
2018/7/13, 35, , 33, 1, 
2018/7/14, 26, , 34, 1, 
2018/7/15, 28, , 37, 1, 
2018/7/16, 46, , 39, 1, 
2018/7/17, 50, , 31, , 
2018/7/18, 48, , 29, , 
2018/7/19, 39, , 25, , 
2018/7/20, 50, , 35, , 
2018/7/21, 41, , 42, , 
2018/7/22, 30, , 42, , 
2018/7/23, 36, , 43, , 
2018/7/24, 26, , 39, , 
2018/7/25, 42, , 39, 1, 
2018/7/26, 48, , 40, , 
2018/7/27, 44, , 39, 1, 
2018/7/28, 50, , 32, 1, 
2018/7/29, 52, , 33, 1, 
2018/7/30, 55, , 33, 3, 
2018/7/31, 54, , 41, 2, 
2018/8/1, 54, , 43, 1, 
2018/8/2, 45, , 37, , 
2018/8/3, 37, , 34, 1, 
2018/8/4, 17, , 34, 1, 
2018/8/5, 14, , 28, 1, 
2018/8/6, 13, , 28, 1, 
2018/8/7, 59, , 46, , 
2018/8/8, 17, , 49, 1, 
2018/8/9, 42, , 43, 1, 
2018/8/10, 52, , 37, 1, 
2018/8/11, 23, , 40, 1, 
2018/8/12, 76, , 28, 1, 
2018/8/13, 87, , 30, 1, 
2018/8/16, 16, , 39, , 
2018/8/17, 22, , 35, 1, 
2018/8/18, 20, , 26, , 
2018/8/19, 16, , 27, 1, 
2018/8/20, 11, , 27, 1, 
2018/8/21, 5, , 33, , 
2018/8/22, 13, , 43, , 
2018/8/23, 16, , 45, 1, 
2018/8/24, 28, , 32, , 
2018/8/25, 18, , 33, , 
2018/8/26, 11, , 31, , 
2018/8/27, 9, , 31, 1, 
2018/8/28, 15, , 29, 2, 
2018/8/29, 18, , 32, 1, 
2018/8/30, 16, , 33, , 
2018/8/31, 18, , 24, 1, 
2018/9/1, 18, , 27, , 
2018/9/2, 24, , 31, 1, 
2018/9/3, 16, , 34, 1, 
2018/9/4, 30, , 32, 1, 
2018/9/5, 33, , 34, 1, 
2018/9/6, 30, , 30, 2, 
2018/9/7, 28, , 27, 2, 
2018/9/8, 32, , 34, 1, 
2018/9/9, 27, , 38, 1, 
2018/9/10, 17, , 37, 1, 
2018/9/11, 24, , 26, , 
2018/9/12, 13, , 26, , 
2018/9/13, 15, , 26, , 
2018/9/14, 16, , 26, , 
2018/9/15, 16, , 27, , 
2018/9/16, 10, , 28, , 
2018/9/17, 21, , 47, 1, 
2018/9/18, 16, , 49, 1, 
2018/9/19, 25, , 31, 1, 
2018/9/20, 16, , 61, 1, 
2018/9/21, 18, , 38, , 
2018/9/22, 13, , 25, , 
2018/9/23, 10, , 31, , 
2018/9/24, 8, , 31, , 
2018/9/25, 11, , 27, , 
2018/9/26, 34, , 29, , 
2018/9/27, 30, , 29, , 
2018/9/28, 27, , 28, , 
2018/9/29, 29, , 27, , 
2018/9/30, 24, , 23, , 
2018/4/1, 31, , 44, 2, 
2018/4/2, 30, , 43, 1, 
2018/4/3, 14, , 36, 2, 
2018/4/4, 29, , 30, 2, 
2018/4/5, 21, , 37, 1, 
2018/4/6, 15, , 34, 1, 
2018/4/7, 9, , 36, 3, 
2018/4/8, 33, , 36, 2, 
2018/4/9, 62, , 36, 1, 
2018/4/10, 7, , 35, 2, 
2018/4/11, 14, , 32, 3, 
2018/4/12, 18, , 42, 4, 
2018/4/13, 20, , 39, 3, 
2018/4/14, 28, , 33, 4, 
2018/4/15, 34, , 25, 4, 
2018/4/16, 36, , 36, 2, 
2018/4/17, 11, , 46, 2, 
2018/4/18, 38, , 36, 1, 
2018/4/19, 16, , 39, 2, 
2018/4/20, 29, , 39, 1, 
2018/4/21, 16, , 37, 1, 
2018/4/22, 6, , 31, 2, 
2018/4/23, 19, , 32, 2, 
2018/4/24, 16, , 32, 2, 
2018/4/25, 14, , 31, 2, 
2018/4/26, 14, , 31, 1, 
2018/4/27, 15, , 30, 2, 
2018/4/28, 13, , 32, 5, 
2018/4/29, 36, , 34, 1, 
2018/4/30, 8, , 35, 1, 
2018/5/1, 21, , 32, 2, 
2018/5/2, 21, , 33, 3, 
2018/5/3, 20, , 32, 1, 
2018/5/4, 12, , 30, 3, 
2018/5/5, 15, , 35, 2, 
2018/5/6, 21, , 48, 1, 
2018/5/7, 29, , 36, 3, 
2018/5/8, 22, , 38, 5, 
2018/5/9, 15, , 37, 3, 
2018/5/10, 18, , 35, 4, 
2018/5/11, 28, , 31, 6, 
2018/5/12, 36, , 54, 5, 
2018/5/13, 31, , 44, 1, 
2018/5/14, 48, , 54, 3, 
2018/5/15, 43, , 47, 2, 
2018/5/16, 51, , 38, 2, 
2018/5/17, 32, , 32, 1, 
2018/5/18, 11, , 34, 1, 
2018/5/19, 10, , 34, 1, 
2018/5/20, 14, , 35, 2, 
2018/5/21, 20, , 30, 6, 
2018/5/22, 31, , 37, 3, 
2018/5/23, 33, , 31, 1, 
2018/5/24, 9, , 33, 3, 
2018/5/25, 14, , 39, 3, 
2018/5/26, 31, , 36, 1, 
2018/5/27, 31, , 36, 2, 
2018/5/28, 20, , 40, 4, 
2018/5/29, 21, , 39, 1, 
2018/5/30, 23, , 37, , 
2018/5/31, 5, , 38, 1, 
2018/6/1, 5, , 36, 1, 
2018/6/2, 20, , 41, 1, 
2018/6/3, 24, , 41, , 
2018/6/4, 18, , 27, , 
2018/6/5, 3, , 25, , 
2018/6/6, 2, , 33, , 
2018/6/7, 9, , 27, , 
2018/6/8, 3, , 30, , 
2018/6/9, 2, , 37, 2, 
2018/6/10, 7, , 44, 1, 
2018/6/11, 43, , 32, , 
2018/6/12, 19, , 25, , 
2018/6/13, 1, , 30, 1, 
2018/6/14, 2, , 34, 1, 
2018/6/15, 33, , 39, 1, 
2018/6/16, 34, , 35, 1, 
2018/6/17, 26, , 34, 1, 
2018/6/18, 26, , 34, , 
2018/6/19, 23, , 30, , 
2018/6/20, 18, , 26, , 
2018/6/21, 17, , 27, , 
2018/6/22, 8, , 24, , 
2018/6/23, 7, , 27, , 
2018/6/24, 7, , 26, , 
2018/6/25, 14, , 29, 1, 
2018/6/26, 17, , 33, , 
2018/6/27, 26, , 41, 1, 
2018/6/28, 21, , 30, , 
2018/6/29, 16, , 23, , 
2018/6/30, 8, , 27, , 
2018/2/2, 15, , 19, 2, 
2018/2/3, 28, , 28, , 
2018/2/4, 16, , 29, , 
2018/2/5, 8, , 28, , 
2018/2/6, 16, , 29, 1, 
2018/2/7, 16, , 30, 1, 
2018/2/8, 16, , 26, 1, 
2018/2/9, 24, , 30, 1, 
2018/2/10, 21, , 27, 2, 
2018/2/11, 35, , 26, 1, 
2018/2/12, 69, , 31, 1, 
2018/2/13, 22, , 32, , 
2018/2/14, 10, , 32, 1, 
2018/2/15, 38, , 31, 1, 
2018/2/16, 51, , 32, 1, 
2018/2/17, 52, , 31, , 
2018/2/18, 30, , 28, 1, 
2018/2/19, 54, , 31, , 
2018/2/20, 18, , 31, , 
2018/2/21, 10, , 32, , 
2018/2/22, 9, , 30, , 
2018/2/23, 13, , 31, 1, 
2018/2/24, 14, , 32, , 
2018/2/25, 11, , 32, , 
2018/2/26, 12, , 28, , 
2018/2/27, 22, , 25, , 1
2018/2/28, 21, , 29, 1, 
2018/3/1, 14, , 28, 3, 1
2018/3/2, 16, , 26, 4, 1
2018/3/3, 32, , 33, 3, 1
2018/3/4, 31, , 33, 2, 
2018/3/5, 27, , 33, 2, 
2018/3/6, 28, , 23, 5, 1
2018/3/7, 26, , 32, 6, 1
2018/3/8, 45, , 32, 2, 
2018/3/9, 43, , 23, 3, 
2018/3/10, 41, , 23, 3, 
2018/3/11, 30, , 29, 2, 
2018/3/12, 41, , 27, 3, 
2018/3/13, 18, , 33, 1, 
2018/3/14, 20, , 31, , 
2018/3/15, 9, , 32, 1, 
2018/3/16, 13, , 32, 1, 
2018/3/17, 14, , 37, , 
2018/3/18, 10, , 36, 1, 
2018/3/19, 9, , 34, , 
2018/3/20, 13, , 34, 1, 
2018/3/21, 12, , 38, 1, 
2018/3/22, 9, , 36, 1, 
2018/3/23, 11, , 35, 1, 
2018/3/24, 17, , 31, 1, 
2018/3/25, 19, , 33, , 
2018/3/26, 9, , 35, , 
2018/3/27, 9, , 36, , 
2018/3/28, 7, , 37, 1, 
2018/3/29, 8, , 38, , 
2018/3/30, 13, , 36, 2, 
2018/3/31, 16, , 40, 1, 
2016/1/4, 13, , 19, 1, 
2016/1/5, 14, , 17, 1, 1
2016/1/6, 18, , 17, 1, 3
2016/1/7, 26, , 17, 1, 2
2016/1/8, 23, , 21, 1, 1
2016/1/9, 22, , 25, 1, 
2016/1/10, 24, , 21, 1, 
2016/1/11, 24, , 26, 1, 
2016/1/12, 22, , 24, , 
2016/1/13, 23, , 27, , 1
2016/1/14, 16, , 29, , 
2016/1/15, 11, , 25, , 
2016/1/16, 13, , 30, , 
2016/1/17, 7, , 29, , 
2016/1/18, 8, , 28, 2, 
2016/1/19, 13, , 21, 6, 1
2016/1/20, 20, , 24, 1, 
2016/1/21, 13, , 32, , 
2016/1/22, 13, , 32, , 
2016/1/23, 8, , 29, 1, 
2016/1/24, 16, , 24, 1, 
2016/1/25, 7, , 17, 3, 
2016/1/26, 9, , 27, 1, 
2016/1/27, 10, , 31, , 
2016/1/28, 8, , 28, 1, 
2016/1/29, 11, , 36, , 
2016/1/30, 23, , 33, , 
2016/1/31, 14, , 30, , 
2016/2/1, 9, , 32, , 
2016/2/2, 16, , 28, , 
2016/2/3, 10, , 27, , 
2016/2/4, 9, , 28, , 
2016/2/5, 9, , 27, 1, 
2016/2/6, 11, , 23, 2, 
2016/2/7, 35, , 30, 1, 
2016/2/8, 32, , 27, 1, 
2016/2/9, 18, , 26, 1, 
2016/2/10, 19, , 23, 1, 
2016/2/11, 8, , 27, , 
2016/2/12, 6, , 29, , 
2016/2/13, 11, , 21, 1, 
2016/2/14, 18, , 28, , 
2016/2/15, 13, , 28, , 
2016/2/16, 11, , 27, 1, 
2016/2/17, 10, , 26, 1, 
2016/2/18, 21, , 24, 1, 
2016/2/19, 22, , 28, 1, 
2016/2/20, 24, , 32, 1, 
2016/2/21, 14, , 30, , 
2016/2/22, 12, , 28, , 
2016/2/23, 10, , 27, 2, 
2016/2/24, 9, , 25, 2, 
2016/2/25, 11, , 31, , 
2016/2/26, 13, , 29, 1, 
2016/2/27, 14, , 30, , 
2016/2/28, 11, , 29, , 
2016/2/29, 12, , 30, , 
2016/3/1, 12, , 32, 1, 
2016/3/2, 16, , 30, 1, 
2016/3/3, 32, , 31, 1, 
2016/3/4, 28, , 29, 1, 
2016/3/5, 32, , 21, 1, 
2016/3/6, 22, , 26, 1, 
2016/3/7, 29, , 24, 2, 
2016/3/8, 25, , 32, 2, 
2016/3/9, 18, , 32, 2, 
2016/3/10, 21, , 31, 1, 
2016/3/11, 15, , 33, 1, 
2016/3/12, 12, , 32, 1, 
2016/3/13, 24, , 30, 1, 
2016/3/14, 13, , 31, 2, 
2016/3/15, 13, , 31, 1, 
2016/3/16, 9, , 37, , 
2016/3/17, 10, , 34, , 
2016/3/18, 9, , 30, , 
2016/3/19, 7, , 31, , 
2016/3/20, 8, , 31, , 
2016/3/21, 8, , , , 
2015/10/1, 14, , 29, , 
2015/10/2, 13, , 27, , 
2015/10/3, 15, , , , 
2015/10/5, 12, , , , 
2015/10/7, 9, , 24, , 
2015/10/8, 9, , 25, , 
2015/10/9, 11, , 28, , 
2015/10/10, 15, , 28, , 
2015/10/11, 12, , 30, , 
2015/10/12, 11, , 30, , 
2015/10/13, 12, , 32, , 
2015/10/14, 9, , 31, , 
2015/10/15, 12, , 30, 1, 
2015/10/16, 28, , 31, 1, 
2015/10/17, 53, , 23, , 
2015/10/18, 11, , 16, 1, 
2015/10/19, 13, , 26, , 
2015/10/20, 12, , 28, , 
2015/10/21, 16, , 27, , 
2015/10/22, 13, , 27, , 
2015/10/23, 13, , 30, , 
2015/10/24, 9, , 28, , 
2015/10/25, 24, , 27, , 
2015/10/26, 7, , 27, , 
2015/10/27, 9, , 29, , 
2015/10/28, 8, , 28, , 
2015/10/29, 11, , 29, , 
2015/10/30, 10, , 29, , 
2015/10/31, 32, , 25, 1, 
2015/11/1, 81, , 20, 1, 
2015/11/2, 25, , 19, 1, 
2015/11/3, 16, , 21, 1, 
2015/11/4, 11, , , , 
2015/11/11, 11, , 24, 1, 
2015/11/12, 12, , 27, , 
2015/11/13, 12, , 29, , 
2015/11/14, 12, , 27, , 
2015/11/15, 11, , 25, , 
2015/11/16, 10, , 31, , 
2015/11/17, 17, , 28, , 
2015/11/18, 11, , 24, , 
2015/11/19, 7, , 26, , 
2015/11/20, 8, , 28, , 
2015/11/21, 6, , 27, , 
2015/11/22, 7, , 28, , 
2015/11/23, 7, , 27, , 
2015/11/24, 10, , 22, 1, 
2015/11/25, 22, , 25, 1, 
2015/11/26, 18, , 25, , 
2015/11/27, 11, , 25, 1, 
2015/11/28, 22, , 30, , 
2015/11/29, 12, , 27, 1, 
2015/11/30, 13, , 28, , 
2015/12/1, 8, , 39, , 
2015/12/2, 7, , 23, 1, 
2015/12/3, 10, , 22, 1, 
2015/12/4, 16, , 28, , 
2015/12/5, 11, , 34, , 
2015/12/6, 12, , 29, , 
2015/12/7, 10, , 27, , 
2015/12/8, 10, , 27, 1, 
2015/12/9, 24, , 26, 1, 
2015/12/10, 18, , 28, , 
2015/12/11, 16, , 28, , 
2015/12/12, 9, , 25, , 
2015/12/13, 7, , 28, , 
2015/12/14, 7, , 27, 1, 
2015/12/15, 8, , 22, 1, 
2015/12/16, 8, , 25, 1, 
2015/12/17, 15, , 23, 4, 
2015/12/18, 11, , 25, 1, 
2015/12/19, 15, , 17, 1, 
2015/12/20, 14, , 27, 1, 
2015/12/21, 22, , 27, , 
2015/12/22, 13, , 26, , 
2015/12/23, 18, , 27, , 
2015/12/24, 15, , 30, , 
2015/12/25, 18, , 31, , 
2015/12/26, 10, , 31, , 
2015/12/27, 6, , 30, , 
2015/12/28, 8, , 30, , 
2015/12/29, 8, , 29, , 
2015/12/30, 11, , , , 
2015/7/1, 11, , 34, 1, 
2015/7/2, 15, , 35, , 
2015/7/3, 20, , 39, 1, 
2015/7/4, 22, , 30, , 
2015/7/5, 11, , 29, 1, 
2015/7/6, 16, , 31, , 
2015/7/7, 16, , 27, 1, 
2015/7/8, 16, , 29, , 
2015/7/9, 16, , 30, , 
2015/7/10, 14, , 24, , 
2015/7/11, 17, , 21, , 
2015/7/12, 15, , 22, , 
2015/7/13, 20, , 32, , 
2015/7/14, 17, , 33, , 
2015/7/15, 19, , 38, , 
2015/7/16, 17, , 31, , 
2015/7/17, 14, , 31, , 
2015/7/18, 9, , 29, , 
2015/7/19, 17, , 26, , 
2015/7/20, 17, , 34, , 
2015/7/21, 13, , 36, , 
2015/7/22, 14, , 31, , 
2015/7/23, 15, , 28, , 
2015/7/24, 16, , 35, , 
2015/7/25, 15, , 34, , 
2015/7/26, 16, , 28, , 
2015/7/27, 15, , 31, 1, 
2015/7/28, 9, , 35, 2, 
2015/7/30, 30, , 27, , 
2015/7/31, 8, , 26, , 
2015/8/1, 9, , 35, , 
2015/8/2, 15, , 32, , 
2015/8/3, 11, , 35, , 
2015/8/4, 11, , 32, 1, 
2015/8/5, 8, , 34, 1, 
2015/8/6, 27, , 46, 1, 
2015/8/7, 18, , 39, 1, 
2015/8/8, 24, , 28, , 
2015/8/9, 17, , 33, , 
2015/8/10, 16, , 36, 1, 
2015/8/11, 20, , 36, 1, 
2015/8/12, 16, , 27, , 
2015/8/13, 13, , 34, , 
2015/8/14, 10, , 29, , 
2015/8/15, 13, , 32, , 
2015/8/16, 9, , 30, , 
2015/8/17, 11, , 33, , 
2015/8/18, 11, , 34, , 
2015/8/19, 14, , 36, , 
2015/8/20, 18, , 37, , 
2015/8/21, 18, , 41, , 
2015/8/22, 20, , 41, , 
2015/8/23, 16, , 34, 1, 
2015/8/24, 20, , 36, 2, 
2015/8/25, 28, , 37, , 
2015/8/26, 10, , 57, , 
2015/8/27, 18, , 39, , 
2015/8/28, 18, , 31, , 
2015/8/29, 11, , 34, , 
2015/8/30, 12, , 34, 1, 
2015/8/31, 15, , 35, , 
2015/9/1, 10, , 35, , 
2015/9/2, 14, , 33, , 
2015/9/3, 9, , 38, , 
2015/9/4, 12, , 38, , 
2015/9/5, 12, , 33, , 
2015/9/6, 9, , 28, , 
2015/9/7, 11, , 24, , 
2015/9/8, 7, , 24, , 
2015/9/9, 9, , 26, , 
2015/9/10, 11, , 27, , 
2015/9/11, 13, , 26, 1, 
2015/9/12, 17, , 28, , 
2015/9/13, 13, , 25, , 
2015/9/14, 24, , 28, , 
2015/9/15, 24, , 29, , 
2015/9/16, 29, , 26, 1, 
2015/9/17, 44, , 35, , 
2015/9/18, 24, , 30, , 
2015/9/19, 14, , 30, 1, 
2015/9/20, 13, , 30, , 
2015/9/21, 8, , 33, , 
2015/9/22, 10, , 33, , 
2015/9/23, 19, , 22, 2, 
2015/9/24, 25, , , , 
2015/9/28, 8, , 29, , 
2015/9/29, 10, , 28, , 
2015/9/30, 11, , 23, 1, 
2015/4/1, 12, , 29, 1, 
2015/4/2, 18, , 30, , 
2015/4/3, 11, , 26, , 
2015/4/4, 19, , 32, , 
2015/4/5, 24, , 30, 1, 
2015/4/6, 26, , 34, 1, 
2015/4/7, 18, , 35, , 
2015/4/8, 17, , 39, 1, 
2015/4/9, 19, , 39, 1, 
2015/4/10, 23, , 35, 2, 
2015/4/11, 36, , 41, 2, 
2015/4/12, 35, , 32, 1, 
2015/4/13, 14, , 35, , 
2015/4/14, 13, , 32, 1, 
2015/4/15, 13, , 35, 1, 
2015/4/16, 10, , 32, , 
2015/4/17, 13, , 35, 1, 
2015/4/18, 23, , 38, , 
2015/4/19, 13, , 37, , 
2015/4/20, 19, , 38, 1, 
2015/4/21, 16, , 37, , 
2015/4/22, 12, , 38, , 
2015/4/23, 21, , 36, , 
2015/4/24, 13, , 31, 2, 
2015/4/25, 16, , 33, 1, 
2015/4/26, 45, , 29, 2, 
2015/4/27, 11, , 23, 3, 
2015/4/28, 12, , , , 
2015/4/30, 13, , 32, 2, 
2015/5/1, 18, , 34, 1, 
2015/5/2, 20, , 32, , 
2015/5/3, 13, , 30, 2, 
2015/5/4, 13, , 28, 3, 
2015/5/5, 19, , 37, 2, 
2015/5/6, 24, , 40, 3, 
2015/5/7, 24, , 33, 2, 
2015/5/8, 18, , , , 
2015/5/12, 25, , 40, 2, 
2015/5/13, 21, , 32, 7, 
2015/5/14, 16, , 30, 1, 
2015/5/15, 9, , 29, 1, 
2015/5/16, 11, , 31, 1, 
2015/5/17, 11, , 30, 1, 
2015/5/18, 13, , 28, 1, 
2015/5/19, 15, , 33, 1, 
2015/5/20, 16, , 37, 2, 
2015/5/21, 19, , 39, 1, 
2015/5/22, 20, , 35, 1, 
2015/5/23, 16, , 33, 1, 
2015/5/24, 13, , 38, 2, 
2015/5/25, 20, , 31, 4, 
2015/5/26, 22, , 28, 1, 
2015/5/27, 15, , 31, 1, 
2015/5/28, 13, , 33, 1, 
2015/5/29, 16, , 35, 1, 
2015/5/30, 15, , 34, , 
2015/5/31, 15, , 37, 1, 
2015/6/1, 24, , 33, 2, 
2015/6/2, 17, , 38, 1, 
2015/6/3, 21, , 33, , 
2015/6/4, 13, , 33, 2, 
2015/6/5, 15, , 51, 2, 
2015/6/6, 19, , 42, , 
2015/6/7, 24, , 29, , 
2015/6/8, 13, , 29, , 
2015/6/9, 10, , 33, 1, 
2015/6/10, 16, , 32, , 
2015/6/11, 15, , 33, 1, 
2015/6/12, 19, , 35, 1, 
2015/6/13, 22, , 36, 1, 
2015/6/14, 20, , 26, , 
2015/6/15, 12, , 27, , 
2015/6/16, 8, , 36, , 
2015/6/17, 10, , 36, 1, 
2015/6/18, 14, , 28, 1, 
2015/6/19, 14, , 28, , 
2015/6/20, 15, , 31, , 
2015/6/21, 17, , 35, , 
2015/6/22, 12, , 30, 3, 
2015/6/23, 13, , 35, 1, 
2015/6/24, 15, , 31, , 
2015/6/25, 15, , 27, 1, 
2015/6/26, 15, , 25, 1, 
2015/6/27, 13, , 30, , 
2015/6/28, 10, , 29, 2, 
2015/6/29, 19, , 27, 1, 
2015/6/30, 18, , 29, , 
2015/1/1, 23, , 30, , 
2015/1/2, 15, , 30, 2, 
2015/1/3, 18, , 30, 1, 
2015/1/4, 9, , 29, , 
2015/1/5, 18, , 30, , 
2015/1/6, 12, , 30, 1, 
2015/1/7, 27, , 24, 2, 
2015/1/8, 18, , 28, 1, 
2015/1/9, 16, , 30, , 
2015/1/10, 10, , 29, 7, 
2015/1/11, 25, , 27, 1, 
2015/1/12, 18, , 32, 1, 
2015/1/13, 19, , 29, , 
2015/1/14, 14, , 27, , 
2015/1/15, 16, , 27, 2, 
2015/1/16, 24, , 29, 1, 
2015/1/17, 22, , 28, 1, 
2015/1/18, 17, , 25, 1, 
2015/1/19, 13, , 25, , 
2015/1/20, 16, , 25, 1, 
2015/1/21, 18, , 19, 1, 
2015/1/22, 22, , 19, 1, 
2015/1/23, 17, , 26, , 
2015/1/24, 16, , 26, 1, 
2015/1/25, 23, , 32, , 
2015/1/26, 14, , 31, , 
2015/1/27, 16, , 29, , 
2015/1/28, 12, , 33, , 
2015/1/29, 20, , 27, 1, 
2015/1/30, 27, , 22, 1, 
2015/1/31, 26, , 16, 2, 
2015/2/1, 8, , 19, , 
2015/2/2, 11, , 21, 1, 
2015/2/3, 14, , 26, 2, 
2015/2/4, 54, , 24, 4, 
2015/2/5, 41, , 29, 1, 
2015/2/6, 17, , 34, 1, 
2015/2/7, 15, , 32, , 
2015/2/8, 13, , 30, , 
2015/2/9, 10, , 30, 1, 
2015/2/10, 11, , 25, 2, 
2015/2/11, 13, , 28, 1, 
2015/2/12, 19, , 25, 1, 
2015/2/13, 16, , 23, 2, 
2015/2/14, 20, , 31, , 
2015/2/15, 10, , 32, , 
2015/2/16, 12, , 30, 1, 
2015/2/17, 41, , 31, 1, 
2015/2/18, 32, , 24, 1, 
2015/2/19, 14, , 26, 2, 
2015/2/20, 42, , 27, 3, 
2015/2/21, 26, , 31, 2, 
2015/2/22, 32, , 30, 1, 
2015/2/23, 26, , 29, 1, 
2015/2/24, 34, , 30, 2, 
2015/2/25, 30, , 34, 1, 
2015/2/26, 21, , 34, 1, 
2015/2/27, 28, , 29, 1, 
2015/2/28, 42, , 33, 2, 
2015/3/1, 47, , 28, 2, 
2015/3/2, 54, , 29, 2, 
2015/3/3, 20, , 29, 1, 
2015/3/4, 13, , 32, 1, 
2015/3/5, 11, , 30, 1, 
2015/3/6, 11, , 28, 2, 
2015/3/7, 22, , 29, 2, 
2015/3/8, 44, , 29, 2, 
2015/3/9, 20, , 32, 2, 
2015/3/10, 21, , 34, 1, 
2015/3/11, 17, , 32, 1, 
2015/3/12, 12, , 30, 2, 
2015/3/13, 14, , 29, 3, 
2015/3/14, 20, , 30, 5, 
2015/3/15, 32, , 30, 5, 
2015/3/16, 43, , 35, 3, 
2015/3/17, 40, , 37, 4, 
2015/3/18, 64, , 40, 2, 
2015/3/19, 56, , 34, , 
2015/3/20, 17, , 35, , 
2015/3/21, 10, , 34, , 
2015/3/22, 11, , 32, 1, 
2015/3/23, 19, , 32, 1, 
2015/3/24, 19, , 35, , 
2015/3/25, 15, , 32, 1, 
2015/3/26, 22, , 29, 2, 
2015/3/27, 50, , 26, 2, 
2015/3/28, 29, , 35, 1, 
2015/3/29, 22, , 28, 1, 
2015/3/30, 35, , 32, 1, 
2015/3/31, 12, , 34, 1, 
2014/10/7, 40, , , 1, 
2014/10/8, 47, , , 2, 
2014/10/9, 41, , , 1, 
2014/10/10, 25, , , 1, 
2014/10/11, 28, , , 1, 
2014/10/12, 23, , 27, , 
2014/10/13, 19, , 23, 1, 
2014/10/14, 11, , 20, , 
2014/10/15, 17, , 23, , 
2014/10/16, 11, , 26, 1, 
2014/10/17, 13, , 27, , 
2014/10/18, 11, , 26, 1, 
2014/10/19, 16, , 17, 2, 
2014/10/20, 16, , 27, , 
2014/10/21, 10, , 25, , 
2014/10/22, 16, , 25, , 
2014/10/23, 14, , 27, , 
2014/10/24, 19, , 29, 1, 
2014/10/25, 40, , 24, 1, 
2014/10/26, 42, , 24, 1, 
2014/10/27, 23, , 24, 1, 
2014/10/28, 31, , 37, 1, 
2014/10/29, 39, , 29, 1, 3
2014/10/30, 15, , 26, , 
2014/10/31, 11, , 25, , 
2014/11/1, 13, , 21, 2, 
2014/11/2, 32, , 18, 2, 
2014/11/3, 49, , 21, 2, 
2014/11/4, 64, , 29, 1, 
2014/11/5, 15, , 23, 1, 
2014/11/6, 9, , 17, 1, 
2014/11/7, 11, , 25, , 
2014/11/8, 10, , 22, 1, 
2014/11/9, 34, , 23, 1, 
2014/11/10, 26, , 16, 2, 
2014/11/11, 28, , 17, 1, 
2014/11/12, 18, , 17, 2, 
2014/11/13, 18, , 22, 1, 
2014/11/14, 33, , 24, 1, 
2014/11/15, 38, , 25, 1, 
2014/11/16, 34, , 22, 1, 
2014/11/17, 31, , 24, 1, 
2014/11/18, 42, , 28, 1, 
2014/11/19, 23, , 22, 1, 
2014/11/20, 31, , 20, 3, 
2014/11/21, 32, , 20, 2, 
2014/11/22, 26, , 28, 1, 
2014/11/23, 15, , 23, 1, 
2014/11/24, 24, , 24, 1, 
2014/11/25, 17, , 12, 1, 
2014/11/26, 10, , 15, 1, 
2014/11/27, 23, , 26, 1, 
2014/11/28, 22, , 26, 1, 
2014/11/29, 22, , 27, , 
2014/11/30, 23, , 29, , 
2014/12/1, 25, , 28, , 
2014/12/2, 33, , 23, 1, 
2014/12/3, 31, , 20, 2, 
2014/12/4, 21, , 24, 1, 
2014/12/5, 36, , 27, 1, 
2014/12/6, 24, , 29, , 
2014/12/7, 13, , 28, , 
2014/12/8, 14, , 28, 1, 
2014/12/9, 14, , 27, 1, 
2014/12/10, 21, , 28, 1, 
2014/12/11, 19, , 30, , 
2014/12/12, 12, , 28, , 
2014/12/13, 15, , 27, , 
2014/12/14, 16, , 25, 1, 
2014/12/15, 27, , 31, , 3
2014/12/16, 18, , 28, , 
2014/12/17, 17, , 26, , 1
2014/12/18, 13, , 30, 1, 
2014/12/19, 12, , 30, , 
2014/12/20, 11, , 28, , 
2014/12/21, 11, , 27, , 
2014/12/22, 8, , 22, , 
2014/12/23, 13, , 25, , 
2014/12/24, 11, , 26, , 
2014/12/25, 11, , 26, , 
2014/12/26, 11, , 29, , 
2014/12/27, 13, , 27, , 
2014/12/28, 12, , , , 
2014/7/1, 17, , 29, , 
2014/7/2, 20, , 31, , 
2014/7/3, 21, , 27, 1, 
2014/7/4, 24, , 40, 1, 
2014/7/5, 25, , 32, 2, 
2014/7/6, 29, , 35, 3, 
2014/7/7, 36, , 37, 3, 
2014/7/8, 38, , 44, 2, 
2014/7/9, 36, , 31, 1, 
2014/7/10, 25, , 24, , 
2014/7/11, 14, , 29, , 
2014/7/12, 17, , 32, 1, 
2014/7/13, 42, , 33, 1, 
2014/7/14, 24, , 35, 1, 
2014/7/15, 24, , 28, 1, 
2014/7/16, 24, , 30, 1, 
2014/7/17, 18, , 29, 1, 
2014/7/18, 19, , 35, 1, 
2014/7/19, 23, , 38, 1, 
2014/7/20, 22, , 31, 2, 
2014/7/21, 30, , 32, 1, 
2014/7/22, 27, , 29, 2, 
2014/7/23, 28, , 31, 1, 
2014/7/24, 25, , 31, 1, 
2014/7/25, 28, , 32, 1, 
2014/7/26, 24, , 31, 1, 
2014/7/27, 28, , 41, 1, 
2014/7/28, 29, , 39, , 
2014/7/29, 43, , , 1, 
2014/7/30, 44, , , 1, 
2014/7/31, 33, , , 1, 
2014/8/1, 16, , , , 
2014/8/2, 24, , , 1, 
2014/8/3, 28, , , 2, 
2014/8/4, 40, , , 2, 
2014/8/5, 44, , , 2, 
2014/8/6, 39, , , 1, 
2014/8/7, 40, , , 1, 
2014/8/8, 35, , , , 
2014/8/9, 33, , , , 
2014/8/10, 21, , , , 
2014/8/11, 18, , , 1, 
2014/8/12, 17, , , , 
2014/8/13, 13, , , 1, 
2014/8/14, 18, , , , 
2014/8/15, 15, , , , 
2014/8/16, 12, , , , 
2014/8/17, 4, , , , 
2014/8/18, 15, , , , 
2014/8/19, 13, , , , 
2014/8/20, 14, , , , 
2014/8/21, 16, , , , 
2014/8/22, 13, , , , 
2014/8/23, 20, , , , 
2014/8/24, 14, , , , 
2014/8/25, 13, , , , 
2014/8/26, 15, , , , 
2014/8/27, 19, , , , 
2014/8/28, 13, , , , 
2014/8/29, 14, , , , 
2014/8/30, 17, , , , 
2014/8/31, 16, , , , 
2014/9/1, 13, , , 1, 
2014/9/2, 18, , , , 
2014/9/3, 20, , , 1, 
2014/9/4, 17, , , 1, 
2014/9/5, 22, , , , 
2014/9/6, 25, , , 1, 
2014/9/7, 22, , , 2, 
2014/9/8, 29, , , 1, 
2014/9/9, 30, , , , 
2014/9/10, 36, , , 1, 
2014/9/11, 45, , , , 
2014/9/12, 41, , , 1, 
2014/9/13, 32, , , , 1
2014/9/14, 24, , , , 1
2014/9/15, 38, , , , 
2014/9/16, 37, , , 1, 1
2014/9/17, 46, , , 1, 
2014/9/18, 39, , , 1, 1
2014/9/19, 44, , , 2, 
2014/9/20, 62, , , 1, 
2014/9/21, 67, , , 1, 
2014/9/22, 34, , , , 
2014/9/23, 8, , , , 
2014/9/24, 12, , , 1, 
2014/9/25, 22, , , , 
2014/9/26, 21, , , , 
2014/9/27, 12, , , , 
2014/9/28, 17, , , , 
2014/9/29, 22, , , , 
2014/5/2, 12, , 36, 1, 
2014/5/3, 11, , 35, , 
2014/5/4, 10, , 29, , 
2014/5/5, 12, , 31, 1, 
2014/5/6, 13, , 36, 2, 
2014/5/7, 16, , 33, 1, 
2014/5/8, 20, , 30, 2, 
2014/5/9, 21, , 26, 4, 
2014/5/10, 13, , 29, 4, 
2014/5/11, 15, , 33, 1, 
2014/5/12, 15, , 32, 1, 
2014/5/13, 12, , 31, , 
2014/5/14, 9, , 25, 1, 
2014/5/15, 10, , 27, 3, 
2014/5/16, 21, , 26, 7, 
2014/5/17, 19, , 40, 6, 
2014/5/18, 31, , 35, 4, 
2014/5/19, 53, , 37, 3, 
2014/5/20, 38, , 40, 3, 
2014/5/21, 41, , 47, 4, 
2014/5/22, 40, , 44, 3, 
2014/5/23, 47, , 39, 4, 
2014/5/24, 51, , 38, 4, 
2014/5/25, 58, , 28, 2, 
2014/5/26, 26, , 19, , 
2014/5/27, 8, , 21, , 
2014/5/28, 17, , 22, , 
2014/5/29, 17, , 20, 1, 
2014/5/30, 16, , 23, 1, 
2014/5/31, 20, , 26, , 
2014/6/1, 15, , 27, 1, 
2014/6/2, 18, , 23, 1, 
2014/6/3, 24, , 24, 6, 
2014/6/4, 34, , 29, 3, 
2014/6/5, 48, , 39, 1, 
2014/6/6, 37, , 39, 2, 
2014/6/7, 26, , 35, 2, 
2014/6/8, 36, , 37, 2, 
2014/6/9, 27, , 30, , 
2014/6/10, 21, , 28, 1, 
2014/6/11, 22, , 31, 1, 
2014/6/12, 19, , 26, 1, 
2014/6/13, 16, , 25, , 
2014/6/14, 13, , 27, 1, 
2014/6/15, 14, , 24, , 
2014/6/16, 14, , 24, , 
2014/6/17, 10, , 26, , 
2014/6/18, 12, , 21, 1, 
2014/6/19, 13, , 21, , 
2014/6/20, 10, , 24, , 
2014/6/21, 8, , 23, , 
2014/6/22, 11, , 26, , 
2014/6/23, 7, , 23, 1, 
2014/6/24, 20, , 24, , 
2014/6/25, 12, , 24, , 
2014/6/26, 14, , 27, , 
2014/6/27, 13, , 33, 1, 
2014/6/28, 13, , 26, 1, 
2014/6/29, 23, , 22, 1, 
2014/6/30, 33, , 22, 1, 
2024/2/24, , 12, 25, 2, 1
2022/11/23, , 2, 17, 1, 
2022/12/27, , 3, 32, , 
2022/10/19, , , 29, , 
2022/10/20, , , 26, , 
2022/10/21, , , 26, , 
2022/10/22, , , 30, , 
2022/10/23, , , 28, , 
2022/10/24, , , 24, , 
2022/10/25, , , 21, 1, 
2022/10/26, , , 20, , 
2022/10/27, , , 21, 1, 
2022/10/28, , , 31, , 
2022/10/29, , , 29, , 
2022/10/30, , , 23, , 
2022/10/31, , , 20, 1, 
2022/11/1, , , 24, , 
2022/11/2, , , 24, 1, 
2022/11/3, , , 24, , 
2022/11/4, , , 21, , 
2022/11/5, , , 25, , 
2022/11/6, , , 24, 1, 
2022/11/7, , , 24, , 
2022/11/8, , , 19, 1, 
2022/11/9, , , 24, 1, 
2022/11/10, , , 23, , 
2022/11/11, , , 24, , 
2022/11/12, , , 26, , 
2022/11/13, , , 23, , 
2022/11/14, , , 21, , 
2022/11/15, , , 21, , 
2022/11/16, , , 23, , 
2022/11/17, , , 24, , 
2022/11/18, , , 23, , 
2022/11/19, , , 21, , 
2022/11/20, , , 20, , 
2022/11/21, , , 17, 1, 
2022/11/22, , , 20, 1, 
2022/12/26, , , 26, , 
2022/1/28, , , 29, , 
2021/11/27, , , 21, , 
2021/5/18, , , 33, 1, 
2021/2/3, , , 29, , 
2021/2/4, , , 32, , 
2021/2/5, , , 33, , 
2021/2/6, , , 33, , 
2021/2/7, , , 32, , 
2021/2/8, , , 30, , 
2021/2/9, , , 29, 2, 
2021/3/11, , , 27, 1, 
2021/3/12, , , 27, 1, 
2021/3/13, , , 24, 1, 
2021/3/14, , , 30, , 
2021/3/15, , , 29, , 
2021/3/16, , , 30, , 
2021/3/17, , , 29, , 
2021/3/18, , , 26, , 
2021/3/19, , , 27, , 
2021/3/20, , , 36, , 
2021/3/21, , , 35, , 
2021/3/22, , , 33, 2, 
2021/3/23, , , 30, , 
2020/10/19, , , 27, , 
2020/10/20, , , 27, , 
2020/10/21, , , 19, , 
2020/10/22, , , 24, , 
2020/10/23, , , 23, , 
2020/10/24, , , 24, , 
2020/10/25, , , 22, , 
2020/10/26, , , 24, , 
2020/10/27, , , 23, , 
2020/11/10, , , 26, , 
2020/11/11, , , 24, , 
2020/11/12, , , 32, , 
2020/11/13, , , 14, 1, 
2020/11/14, , , 18, 1, 
2020/11/20, , , 29, , 
2020/11/23, , , 29, , 
2020/11/24, , , 22, , 
2020/11/25, , , 25, 1, 
2020/11/26, , , 26, , 
2020/11/27, , , 17, , 
2020/11/28, , , 13, 1, 
2020/11/29, , , 21, 1, 
2020/11/30, , , 23, , 
2020/12/1, , , 19, , 
2020/12/2, , , 21, , 
2020/12/3, , , 17, 1, 
2020/12/4, , , 16, 1, 
2020/12/5, , , 19, 1, 
2020/12/6, , , 27, 1, 
2020/12/7, , , 24, , 
2020/9/11, , , 30, , 
2020/9/12, , , 28, , 
2020/3/31, , , 34, , 
2019/12/31, , , 30, , 
2019/10/29, , , 27, , 
2019/10/30, , , 30, , 
2019/11/1, , , 30, , 
2019/11/2, , , 25, , 
2019/11/3, , , 25, , 
2019/11/4, , , 26, , 
2019/11/5, , , 27, , 
2019/11/6, , , 22, 1, 
2019/11/7, , , 16, , 
2019/11/8, , , 21, 1, 
2019/11/9, , , 16, 1, 
2019/11/10, , , 20, , 
2019/11/11, , , 24, , 
2019/11/12, , , 23, 1, 
2019/11/13, , , 23, , 
2019/12/2, , , 32, , 
2019/12/3, , , 23, 1, 
2019/12/4, , , 28, , 
2019/12/5, , , 26, 1, 
2019/12/6, , , 32, 1, 
2019/12/10, , , 30, , 
2019/12/11, , , 24, , 
2018/12/31, , , 29, , 
2018/10/9, , , 25, 1, 
2018/8/14, , , 28, 1, 
2018/8/15, , , 34, , 
2018/2/1, , , 23, 1, 
2016/1/3, , , 24, , 
2015/10/4, , , 26, , 
2015/10/6, , , 25, , 
2015/11/10, , , 25, , 
2015/7/29, , , 33, , 
2015/9/27, , , 28, , 
2015/4/29, , , 37, 1, 
2015/5/11, , , 42, 2, 
2014/12/31, , , 26, 1, 
2014/10/6, , , , 1, 